,nconst,Action,Actualités,Animation,Aventure,Biographie,Comédie,Comédiemusicale,Crime,Documentaire,Drame,Famille,Fantastique,Guerre,Histoire,Horreur,Musique,Mystère,Romance,Science-Fiction,Sport,Thriller,Téléfilm,Western,nb_films_y,anneeSortie,nbVotes_x,nbVotes_y
0,nm0000008,5,0,0,3,0,5,0,6,0,18,0,1,3,2,1,0,3,6,0,0,7,0,3,23,1973.0,140635.0,14074.0
1,nm0000018,5,0,0,9,1,5,0,4,0,22,2,1,5,3,3,0,3,8,4,0,8,0,10,32,1972.0,11819.0,2547.0
2,nm0000032,14,0,0,11,3,1,0,2,0,28,2,0,8,10,0,1,3,6,3,0,9,0,5,29,1973.0,16281.0,1528.0
3,nm0000037,0,0,0,0,1,0,1,0,0,1,0,1,0,1,0,0,0,1,1,0,0,0,0,2,1970.0,24920.0,5956.0
4,nm0000044,7,0,0,6,1,5,0,6,0,26,0,1,5,3,1,0,1,4,1,0,8,0,7,30,1970.0,13132.0,1420.0
5,nm0000056,4,0,1,3,3,14,0,12,1,37,1,1,3,1,0,0,6,11,1,4,9,0,7,44,1977.0,50180.0,3310.0
6,nm0000069,4,0,0,6,0,9,3,7,1,9,0,0,3,1,0,3,4,4,0,0,7,0,3,19,1968.0,8646.0,2202.0
7,nm0000076,0,0,0,0,1,1,0,0,0,4,0,0,0,2,0,0,0,1,1,0,0,0,0,4,1974.0,65450.0,13385.0
8,nm0000078,9,0,0,11,1,6,0,2,0,24,0,0,6,3,0,0,0,7,0,0,1,0,20,29,1967.0,18572.0,16318.0
9,nm0000080,4,0,1,4,3,3,0,0,2,7,2,0,1,3,0,0,1,0,1,0,0,0,1,10,1972.0,10840.0,15748.0
10,nm0000086,1,0,0,8,0,36,1,14,0,2,1,3,1,1,0,1,0,2,3,0,1,0,0,36,1968.0,6331.0,5377.0
11,nm0000095,3,0,1,4,0,36,1,7,0,11,1,1,1,0,0,2,3,14,2,0,0,0,0,36,1986.0,47063.0,68084.0
12,nm0000101,6,0,0,5,1,28,0,4,0,8,5,6,2,0,3,2,1,3,7,1,1,0,0,33,1992.0,71000.0,28528.0
13,nm0000102,7,0,1,6,2,12,0,13,0,27,3,2,0,2,6,1,6,7,3,1,17,0,0,37,1999.0,80824.0,3452.0
14,nm0000104,25,0,6,20,4,26,1,16,0,34,9,8,0,5,2,5,10,14,3,1,23,0,2,60,2007.0,80383.0,4426.0
15,nm0000106,4,0,2,7,3,21,0,4,0,24,3,1,0,0,3,2,1,19,3,2,7,0,1,33,1999.0,73063.0,71212.0
16,nm0000110,1,0,1,2,4,7,1,7,0,23,1,1,2,5,2,1,7,10,1,0,8,0,0,25,2002.0,65720.0,119852.0
17,nm0000114,2,0,5,7,1,20,0,3,0,14,5,4,1,2,2,2,1,4,2,1,5,0,0,26,2005.0,154508.0,13800.0
18,nm0000123,7,0,1,6,2,17,0,16,0,23,2,0,4,2,2,0,5,8,5,0,15,0,0,36,2007.0,195775.0,90135.0
19,nm0000126,14,0,0,8,4,8,0,12,0,35,2,2,3,5,1,1,2,10,3,4,16,0,6,40,2001.0,94936.0,99911.0
20,nm0000128,19,0,0,7,6,4,1,13,0,31,1,3,3,6,2,0,6,9,1,0,17,0,2,39,2008.0,204904.0,46870.0
21,nm0000134,19,0,1,5,8,32,1,39,0,65,2,1,2,7,4,1,10,15,4,5,27,0,0,87,1999.0,189393.0,140078.0
22,nm0000136,14,0,4,16,11,19,2,8,0,34,8,16,0,6,6,1,7,15,2,0,12,0,4,55,2005.0,235018.0,11049.0
23,nm0000141,2,0,0,0,0,7,0,3,0,12,0,0,0,1,1,1,3,3,3,0,5,0,0,14,2005.0,36374.0,9999.0
24,nm0000142,21,0,0,12,1,11,1,20,0,36,0,0,4,0,0,2,6,6,1,2,19,0,12,48,1984.0,116472.0,144719.0
25,nm0000146,6,0,4,8,7,7,0,5,0,32,6,3,3,11,1,1,7,14,1,0,13,1,0,40,2006.0,159331.0,20600.0
26,nm0000149,6,0,0,4,2,9,0,10,1,29,6,2,1,3,2,1,6,6,3,2,13,0,1,32,1995.0,158910.0,48017.0
27,nm0000154,26,0,2,19,3,14,0,15,0,29,2,4,7,8,0,0,6,7,6,0,21,0,1,46,2000.0,125303.0,398842.0
28,nm0000158,7,0,7,16,8,36,0,8,0,41,11,8,2,10,1,2,10,16,5,1,11,0,1,61,2004.0,312885.0,73786.0
29,nm0000160,12,0,1,6,5,12,0,12,0,42,2,4,2,1,5,3,12,13,7,0,22,0,2,52,2007.0,121454.0,2504.0
30,nm0000163,7,0,5,8,2,20,0,10,0,33,7,4,0,1,1,1,4,10,2,0,11,0,1,42,1994.0,113227.0,21752.0
31,nm0000165,3,0,0,0,0,5,0,1,0,5,1,0,1,0,0,0,0,3,0,0,0,0,2,7,1974.0,20585.0,167113.0
32,nm0000166,3,0,0,3,2,9,0,4,0,16,1,1,0,0,1,0,2,8,2,1,5,0,0,19,2003.0,98685.0,7442.0
33,nm0000169,21,0,0,13,4,8,0,22,0,33,1,2,3,5,1,2,8,4,6,1,23,0,3,47,1999.0,112287.0,39664.0
34,nm0000185,29,0,1,9,0,2,0,11,0,10,1,2,1,1,3,0,1,0,7,0,23,0,0,30,2003.0,29688.0,3564.0
35,nm0000186,0,0,0,0,0,1,0,0,0,1,0,0,0,0,0,0,0,0,0,0,0,0,1,1,2017.0,27156.0,161883.0
36,nm0000187,1,0,2,3,1,6,0,2,0,5,2,2,0,1,0,2,0,1,0,1,0,0,0,8,1995.0,43542.0,8268.0
37,nm0000191,11,0,3,15,3,15,1,12,0,38,5,11,3,6,2,6,7,14,8,0,16,0,1,51,2007.0,158695.0,18785.0
38,nm0000195,8,0,4,8,1,30,0,4,0,19,6,7,4,2,1,2,2,9,0,2,2,0,0,34,2000.0,145712.0,23019.0
39,nm0000197,3,0,0,5,1,16,0,13,0,33,0,7,0,1,4,1,3,11,2,0,13,0,4,42,1985.0,181068.0,8729.0
40,nm0000198,16,0,1,9,6,6,0,16,0,30,1,4,1,4,4,2,3,7,9,0,24,0,1,42,2005.0,183115.0,10516.0
41,nm0000199,7,0,0,2,6,9,0,26,0,41,2,1,2,6,2,1,11,8,1,2,20,0,0,44,1996.0,221546.0,5479.0
42,nm0000200,12,0,0,5,1,6,0,10,0,15,1,2,1,2,5,0,2,3,4,0,15,0,1,27,1998.0,121832.0,64599.0
43,nm0000202,7,0,0,2,3,4,0,8,0,19,0,4,2,3,2,1,5,1,3,0,13,0,0,24,2009.0,53009.0,3179.0
44,nm0000206,20,0,1,11,1,15,0,13,0,29,1,6,0,1,5,3,6,9,15,2,21,0,0,48,2004.0,201741.0,41581.0
45,nm0000209,7,0,0,5,2,14,0,8,0,21,1,2,1,2,1,1,5,6,4,1,9,0,0,27,1998.0,207113.0,43202.0
46,nm0000217,0,0,0,0,0,0,0,0,1,0,0,0,0,0,0,0,0,0,0,0,0,0,0,1,1999.0,3608.0,315633.0
47,nm0000228,5,0,1,3,4,12,0,16,0,28,3,1,1,1,0,1,8,2,4,0,13,0,0,35,2002.0,224509.0,12244.0
48,nm0000230,31,0,2,12,1,8,0,17,0,22,2,1,5,0,1,0,1,2,4,11,22,0,0,44,1995.0,137943.0,221875.0
49,nm0000233,2,0,0,1,0,2,0,1,0,0,0,0,0,0,1,0,0,0,0,0,2,0,1,3,1997.0,124264.0,823026.0
50,nm0000241,35,0,0,8,1,4,0,17,0,17,0,0,1,1,1,0,2,2,8,1,25,0,0,35,2001.0,41033.0,28959.0
51,nm0000243,20,0,0,3,8,5,0,23,0,37,1,2,3,3,0,1,9,5,4,2,29,0,1,46,2003.0,162106.0,57056.0
52,nm0000255,18,0,0,11,3,12,0,12,0,26,0,9,1,3,0,0,7,13,7,2,16,0,0,44,2009.0,234272.0,323834.0
53,nm0000257,3,0,0,0,1,10,0,2,0,9,0,1,0,1,2,0,2,7,0,1,4,0,0,16,1992.0,56497.0,4328.0
54,nm0000272,0,0,0,1,3,23,3,4,1,39,1,2,0,4,1,4,2,19,0,0,3,1,0,48,2003.0,4411.0,188.0
55,nm0000273,6,0,1,5,2,17,0,7,0,17,3,0,3,1,0,0,3,6,2,1,9,0,0,31,1995.0,61929.0,3732.0
56,nm0000274,4,0,0,3,0,9,0,6,0,7,1,0,0,0,10,0,5,4,0,0,5,0,1,19,2003.0,75346.0,6510.0
57,nm0000275,5,0,0,2,0,7,0,5,0,11,0,0,1,0,1,0,1,5,1,1,6,0,1,15,1991.0,29623.0,1249.0
58,nm0000277,4,0,0,6,1,3,0,6,0,15,2,2,4,2,0,0,2,2,1,0,8,0,0,17,1971.0,88993.0,41298.0
59,nm0000285,13,0,4,10,2,24,1,12,1,32,5,7,0,3,0,2,6,19,4,1,14,0,0,47,2004.0,64304.0,6527.0
60,nm0000316,0,0,1,3,0,12,3,0,0,2,1,1,1,3,1,0,1,0,3,0,1,0,0,12,1984.0,73802.0,83051.0
61,nm0000332,9,0,0,3,3,5,0,10,0,18,1,1,2,4,1,1,3,1,5,0,12,0,0,24,2006.0,173021.0,10753.0
62,nm0000343,1,0,0,0,0,0,0,0,0,0,0,1,0,0,1,0,0,0,0,0,0,0,0,1,1990.0,27494.0,83777.0
63,nm0000345,2,0,2,2,0,16,0,4,0,6,5,0,0,0,0,1,0,3,0,0,1,0,2,16,1998.0,137593.0,6336.0
64,nm0000352,12,0,0,2,4,11,0,15,0,25,0,0,1,3,2,0,4,5,4,1,12,0,1,32,2006.0,90567.0,9844.0
65,nm0000362,6,0,4,7,2,30,0,12,0,15,7,5,0,1,0,0,1,10,2,0,4,0,0,36,1998.0,58671.0,69534.0
66,nm0000365,1,0,0,0,1,10,0,1,0,20,1,2,0,1,1,1,3,8,4,0,2,0,0,23,2003.0,55350.0,9251.0
67,nm0000367,10,0,1,9,9,56,0,32,0,95,8,11,6,15,2,3,9,36,3,2,21,1,0,125,1997.0,7015.0,286.0
68,nm0000369,4,0,0,2,1,15,0,16,0,24,1,0,0,1,1,0,4,9,1,0,10,0,0,32,1999.0,42689.0,5945.0
69,nm0000380,9,0,0,9,1,8,0,12,0,43,3,1,2,2,0,2,4,11,4,4,13,0,7,47,1989.0,90859.0,9324.0
70,nm0000387,2,0,0,0,0,4,0,0,0,2,0,4,0,0,14,2,2,0,0,0,4,0,0,14,1995.0,63778.0,6283.0
71,nm0000389,12,0,0,3,0,12,0,10,0,12,3,0,0,0,1,0,0,2,3,0,1,0,2,19,1992.0,55315.0,23245.0
72,nm0000391,2,0,1,6,5,16,1,5,0,16,7,3,1,3,1,1,0,8,2,0,3,0,0,25,2002.0,25143.0,6043.0
73,nm0000408,4,0,0,4,0,0,0,0,0,1,0,0,0,0,0,0,1,0,4,0,4,0,0,4,1998.0,97416.0,76916.0
74,nm0000410,0,0,4,1,1,6,0,0,1,4,4,5,0,1,0,0,0,2,0,0,0,0,0,9,2013.0,8203.0,6525.0
75,nm0000412,7,0,1,3,1,6,0,14,0,24,1,0,1,1,0,0,5,8,0,0,13,0,0,27,2004.0,36037.0,10020.0
76,nm0000416,0,0,0,0,0,1,1,0,0,0,0,0,0,0,0,0,0,0,0,0,0,0,0,1,1983.0,127180.0,184589.0
77,nm0000419,0,0,0,0,0,2,0,1,9,7,0,0,1,0,1,0,0,0,0,0,0,0,0,14,1986.0,7615.0,9026.0
78,nm0000420,4,0,0,2,0,8,0,3,0,11,1,1,1,0,0,0,2,4,1,0,6,0,0,18,2004.0,47278.0,1738.0
79,nm0000437,19,0,1,12,5,25,0,20,0,35,1,0,3,5,2,1,7,7,6,5,16,0,3,55,2009.0,156124.0,4896.0
80,nm0000438,11,0,1,5,7,7,0,12,0,41,2,1,5,7,2,2,9,13,3,0,17,0,3,47,2001.0,132861.0,48102.0
81,nm0000450,2,0,1,2,4,13,0,7,0,25,0,0,0,2,0,2,1,4,1,1,5,0,0,28,2006.0,152778.0,8933.0
82,nm0000454,10,0,1,5,1,7,0,15,0,29,2,0,0,0,5,0,6,9,2,1,16,0,1,35,1990.0,47674.0,26398.0
83,nm0000473,1,0,0,0,1,30,0,5,0,30,3,1,1,1,0,0,1,25,1,1,3,0,0,41,1995.0,132156.0,3302.0
84,nm0000474,14,0,1,8,3,17,0,13,0,25,5,11,0,3,2,0,4,6,6,1,13,0,0,44,2003.0,149304.0,13972.0
85,nm0000484,0,0,0,0,0,1,0,0,0,0,0,0,0,0,1,0,0,0,1,0,0,0,0,1,1973.0,2084.0,75613.0
86,nm0000490,0,0,0,0,1,3,0,0,0,4,0,0,0,1,0,1,0,3,0,0,0,0,0,5,1991.0,32636.0,66155.0
87,nm0000491,12,0,7,11,1,17,1,14,0,23,8,3,0,0,3,2,1,6,5,1,15,0,1,37,2007.0,104062.0,2941.0
88,nm0000492,4,0,1,2,2,10,0,7,0,29,1,1,0,2,6,2,6,7,3,0,10,0,1,33,2000.0,79870.0,8849.0
89,nm0000493,3,0,0,5,1,25,0,2,0,14,0,0,1,2,0,0,3,12,0,0,4,0,0,32,1975.0,29098.0,1685.0
90,nm0000500,0,0,0,0,0,1,0,0,0,2,0,0,0,0,0,0,0,0,0,0,0,0,0,2,1989.0,12646.0,108194.0
91,nm0000513,7,0,0,3,1,10,0,8,0,12,0,2,1,0,0,0,3,5,2,0,8,0,0,19,2004.0,106108.0,1784.0
92,nm0000518,10,0,0,6,4,13,0,10,0,37,2,2,6,4,5,0,6,14,3,0,13,0,1,46,2001.0,76937.0,6980.0
93,nm0000521,3,0,0,2,1,16,0,4,0,25,1,0,4,4,1,1,2,20,0,0,7,0,0,36,1999.0,40400.0,214.0
94,nm0000524,1,0,0,1,0,5,0,1,0,10,0,2,0,0,1,0,2,7,0,0,2,0,1,11,1993.0,24093.0,7539.0
95,nm0000552,11,0,5,10,1,44,1,12,0,11,12,11,0,1,0,4,1,8,5,0,5,0,0,45,2002.0,126057.0,25724.0
96,nm0000559,7,0,2,10,0,3,0,0,0,0,2,1,0,0,0,0,1,0,9,0,5,0,1,11,1988.0,120837.0,48927.0
97,nm0000568,0,0,1,4,0,3,0,1,0,1,4,1,0,0,0,2,1,1,0,0,0,0,0,4,1982.0,38888.0,66495.0
98,nm0000576,6,0,0,2,5,9,0,18,1,35,0,1,3,5,0,1,6,6,1,1,18,0,0,39,1999.0,90075.0,130172.0
99,nm0000578,2,0,0,2,0,5,0,8,0,17,1,0,0,0,5,0,6,8,1,1,15,0,0,24,1972.0,37304.0,17281.0
100,nm0000586,3,0,2,3,0,7,0,3,0,7,2,2,0,0,2,1,1,2,1,0,3,0,0,12,2002.0,138414.0,2447.0
101,nm0000591,0,0,0,0,0,1,0,1,0,2,0,0,0,0,2,0,2,0,0,0,2,0,0,3,1979.0,32380.0,113793.0
102,nm0000594,2,0,0,1,0,2,0,0,0,2,0,0,0,0,0,0,0,1,0,0,2,0,0,3,1998.0,3933.0,2080.0
103,nm0000601,3,0,0,0,0,4,0,0,0,1,0,2,1,0,0,0,0,1,0,0,0,0,0,4,1985.0,200244.0,140586.0
104,nm0000602,6,0,0,7,5,10,0,11,3,36,4,1,1,5,0,2,5,16,1,2,9,0,5,45,1990.0,45357.0,48180.0
105,nm0000608,18,0,1,6,0,27,2,16,0,23,1,1,1,0,0,2,5,10,0,3,7,0,4,41,1981.0,23134.0,4778.0
106,nm0000614,3,0,0,2,0,8,1,4,0,15,0,2,1,0,1,0,0,7,1,0,3,1,1,18,2002.0,116431.0,14955.0
107,nm0000619,7,0,0,5,5,8,0,15,0,33,0,1,3,4,3,2,8,11,3,1,14,0,1,43,2005.0,92143.0,11542.0
108,nm0000630,4,0,1,3,4,6,0,3,0,12,1,3,1,3,4,0,3,3,5,3,9,0,0,22,2009.0,116396.0,60568.0
109,nm0000632,0,0,1,1,2,3,0,0,0,2,1,0,0,2,0,0,0,0,0,0,0,0,0,3,2018.0,84797.0,34072.0
110,nm0000635,0,0,0,0,0,2,0,0,0,0,0,0,0,0,0,0,0,0,1,0,0,0,0,2,1990.0,5649.0,5649.0
111,nm0000638,8,0,1,7,0,3,0,2,0,2,0,3,0,0,5,0,3,0,8,0,6,0,0,15,1988.0,51560.0,65742.0
112,nm0000640,5,0,0,4,1,2,0,6,1,20,0,0,3,2,2,0,5,3,2,1,7,0,1,23,1990.0,98211.0,6361.0
113,nm0000641,3,0,1,3,1,2,0,4,0,8,1,0,0,1,0,1,3,3,2,0,7,0,1,12,2000.0,272025.0,25189.0
114,nm0000659,0,0,0,1,2,12,2,0,0,12,0,2,0,0,0,5,0,14,0,1,1,0,0,17,1979.0,14833.0,20355.0
115,nm0000662,14,0,2,8,0,9,0,16,0,26,2,2,2,1,4,0,11,5,4,0,17,2,4,37,2001.0,46565.0,5349.0
116,nm0000671,7,0,1,4,0,16,0,15,0,23,1,1,1,2,0,0,6,6,2,3,9,0,0,32,2006.0,75577.0,58608.0
117,nm0000691,0,0,0,0,0,1,0,1,1,1,0,0,0,0,0,0,0,0,0,0,0,0,0,2,2006.0,1800.0,22928.0
118,nm0000698,2,0,0,2,0,19,0,7,0,3,1,1,0,2,1,3,3,3,0,0,1,0,2,19,1978.0,44930.0,7379.0
119,nm0000705,2,0,1,5,1,6,0,5,0,22,2,3,0,1,0,0,2,9,3,1,6,0,0,24,2005.0,204209.0,16562.0
120,nm0000729,5,0,0,3,3,9,0,10,0,22,0,1,0,2,0,1,5,7,2,0,7,0,2,25,2012.0,68046.0,20280.0
121,nm0000767,1,0,1,2,1,11,0,6,0,23,0,1,1,1,2,0,1,14,0,1,8,0,0,32,2001.0,3214.0,94.0
122,nm0000778,0,0,0,0,0,1,0,0,0,0,0,0,0,0,0,0,0,0,0,0,0,0,1,1,1986.0,87744.0,28581.0
123,nm0000782,3,0,0,1,0,2,0,4,0,14,0,0,1,0,5,1,4,2,2,0,9,0,0,18,2004.0,21484.0,3891.0
124,nm0000783,0,0,0,0,0,0,0,0,0,1,0,0,0,0,0,0,0,0,0,0,0,0,0,1,2021.0,10109.0,24098.0
125,nm0000809,5,0,0,3,6,36,0,15,0,55,1,3,2,5,0,3,7,20,1,1,8,0,0,74,2001.0,5149.0,1877.0
126,nm0000812,0,0,0,0,0,1,0,0,0,1,0,0,0,0,0,0,0,1,0,0,0,0,0,1,2005.0,2470.0,26615.0
127,nm0000837,0,0,1,2,0,2,0,1,1,4,0,1,0,0,1,0,2,2,2,0,3,0,0,8,1996.0,61080.0,6786.0
128,nm0000843,1,0,0,1,3,9,0,2,0,23,0,0,2,3,0,1,1,10,0,0,2,0,0,24,1982.0,35375.0,2459.0
129,nm0000852,1,0,2,1,2,5,0,4,3,21,0,0,0,4,1,0,1,2,1,1,2,0,0,25,2004.0,3692.0,822.0
130,nm0000860,1,0,0,1,0,1,0,0,0,0,0,0,0,0,1,0,0,0,0,0,0,0,1,2,1990.0,3934.0,18817.0
131,nm0000867,5,0,1,2,0,19,0,7,0,14,2,3,0,1,0,0,4,7,0,1,4,0,0,24,2013.0,192644.0,33348.0
132,nm0000886,2,0,0,1,3,8,0,7,0,15,0,1,0,1,0,0,2,9,0,0,2,0,1,18,1975.0,22987.0,31397.0
133,nm0000905,0,0,0,2,0,10,0,4,0,6,2,4,0,0,0,1,1,5,0,0,0,0,0,11,1997.0,92278.0,162468.0
134,nm0000907,1,0,0,1,0,8,0,2,0,6,0,0,1,0,1,0,1,3,1,0,1,0,1,10,1975.0,12687.0,18377.0
135,nm0000916,0,0,0,0,1,1,0,1,0,5,0,1,1,0,0,0,1,2,2,1,1,0,0,5,1993.0,15924.0,181564.0
136,nm0000932,9,0,1,6,1,6,0,6,0,15,2,1,0,0,2,1,3,6,4,1,12,0,0,26,2006.0,112503.0,16399.0
137,nm0000945,1,0,0,0,3,14,0,10,3,31,0,5,0,0,2,0,3,13,0,0,4,0,0,44,1983.0,2205.0,187.0
138,nm0000952,2,0,1,1,0,1,0,2,0,4,0,0,0,0,1,0,4,2,0,0,4,0,0,7,1992.0,15735.0,14711.0
139,nm0000953,0,0,0,0,0,0,0,0,0,1,0,0,0,0,0,0,0,0,0,0,0,0,0,1,2018.0,8246.0,17289.0
140,nm0000972,0,0,0,0,0,1,0,0,0,0,0,0,0,0,0,0,0,0,0,0,0,0,0,1,1995.0,1965.0,7397.0
141,nm0000983,2,0,2,2,1,11,0,2,0,8,2,3,0,1,1,1,0,4,1,2,2,0,0,15,1996.0,228292.0,12875.0
142,nm0000996,3,0,0,2,1,1,0,0,0,1,0,0,0,0,0,0,0,0,2,0,3,0,0,3,1991.0,74257.0,1317.0
143,nm0001001,11,0,3,2,1,16,0,17,0,29,4,4,2,1,2,1,3,13,3,2,14,0,4,43,1987.0,83997.0,1058.0
144,nm0001015,6,0,0,5,1,7,0,5,0,12,0,0,2,0,4,0,0,2,1,0,6,0,2,17,2001.0,60735.0,6745.0
145,nm0001023,4,0,0,1,0,3,0,3,0,10,0,1,1,0,3,0,3,1,1,0,5,0,0,13,1975.0,30808.0,10938.0
146,nm0001024,1,0,0,0,0,1,0,1,0,1,0,0,0,0,1,0,0,1,1,0,0,0,0,2,1992.0,38536.0,147657.0
147,nm0001031,0,0,1,0,0,2,0,0,0,2,0,1,0,0,0,0,0,0,0,0,0,0,0,3,1988.0,982.0,2572.0
148,nm0001040,3,0,0,2,1,1,0,1,0,5,0,0,0,2,0,0,0,1,2,1,2,0,0,6,1992.0,25698.0,29346.0
149,nm0001045,2,0,0,3,0,7,0,3,0,1,0,0,0,0,0,2,0,0,0,0,1,0,0,7,1984.0,25125.0,10594.0
150,nm0001073,1,0,1,5,0,7,0,4,0,2,2,1,0,0,6,0,7,3,1,0,4,0,0,14,2003.0,131238.0,19866.0
151,nm0001086,0,0,1,1,0,5,1,0,1,6,1,0,0,0,0,2,0,3,0,0,0,0,0,8,2004.0,31001.0,8849.0
152,nm0001097,3,0,1,4,0,3,0,3,0,9,1,1,0,1,1,0,5,3,1,0,5,0,0,13,2003.0,73387.0,13210.0
153,nm0001115,2,0,0,1,1,7,0,1,0,6,1,2,0,1,1,0,1,1,0,0,1,0,2,10,1989.0,31547.0,2839.0
154,nm0001120,0,0,0,1,0,3,0,0,0,2,0,0,0,0,1,0,0,2,0,0,0,0,0,5,1967.0,2892.0,6271.0
155,nm0001123,5,0,6,5,0,16,1,2,0,7,6,5,0,0,1,2,2,2,1,1,0,0,0,19,1983.0,17613.0,1569.0
156,nm0001125,5,0,0,1,4,5,0,13,0,20,0,1,3,5,1,0,3,3,0,0,12,0,0,22,2008.0,109099.0,4360.0
157,nm0001128,19,0,0,8,1,10,0,36,0,53,1,1,2,3,2,0,4,16,0,1,27,0,4,69,1975.0,5918.0,1888.0
158,nm0001162,1,0,0,0,0,4,0,1,0,3,0,0,0,0,1,0,0,1,0,0,2,0,0,4,1988.0,54949.0,32360.0
159,nm0001165,6,0,0,2,1,1,0,4,0,6,0,1,0,1,4,0,2,2,1,0,5,0,0,11,2000.0,65906.0,7530.0
160,nm0001177,0,0,0,0,0,2,0,0,0,2,0,0,0,0,0,1,0,2,0,0,0,0,0,2,1994.0,13856.0,2492.0
161,nm0001202,0,0,0,0,0,0,0,1,0,1,0,0,0,0,0,0,0,1,0,0,0,0,0,1,1975.0,7110.0,5564.0
162,nm0001204,1,0,0,1,0,5,0,1,0,0,0,0,1,0,0,1,1,0,0,0,0,0,0,5,1976.0,40928.0,1990.0
163,nm0001206,0,0,0,0,0,0,0,0,0,1,0,0,0,0,1,0,0,0,0,0,1,0,0,1,1979.0,8812.0,10499.0
164,nm0001207,2,0,0,2,0,2,0,2,0,3,0,0,1,0,0,0,1,3,0,0,1,0,0,6,1976.0,7556.0,1214.0
165,nm0001218,9,0,0,0,0,4,0,7,0,7,0,2,1,1,3,0,2,3,1,1,9,0,0,15,2009.0,32904.0,1031.0
166,nm0001228,5,0,0,3,0,2,0,2,0,11,0,0,0,0,1,0,1,2,1,0,5,0,2,13,1982.0,16965.0,2498.0
167,nm0001250,0,0,0,0,1,15,0,3,0,39,0,1,0,1,1,2,7,17,2,0,7,0,0,42,2006.0,20343.0,729.0
168,nm0001252,2,0,0,0,0,6,0,4,0,9,0,0,1,0,2,0,2,3,2,0,4,0,2,11,2006.0,11655.0,63519.0
169,nm0001281,0,0,0,0,0,1,0,1,0,0,0,0,0,0,0,0,0,0,0,0,0,0,0,1,1987.0,4902.0,38097.0
170,nm0001282,4,0,1,2,1,2,0,3,0,8,2,1,0,1,2,0,3,2,1,0,7,0,0,12,2006.0,90866.0,26665.0
171,nm0001290,1,0,0,2,4,16,0,2,0,18,2,4,0,2,1,1,1,8,0,1,3,0,0,22,2003.0,29701.0,3370.0
172,nm0001302,0,0,0,0,0,4,0,0,0,1,0,0,0,0,0,4,0,0,0,0,0,0,0,4,1997.0,57201.0,27215.0
173,nm0001345,0,0,2,12,0,10,0,3,0,3,12,2,0,0,0,7,3,3,0,0,0,0,0,12,1982.0,33208.0,82470.0
174,nm0001348,1,0,0,0,1,1,0,1,4,2,0,0,0,1,0,0,0,0,0,1,1,0,0,6,2001.0,68403.0,17560.0
175,nm0001352,23,0,0,11,0,28,0,3,0,3,2,1,1,0,0,0,0,1,1,0,0,0,12,31,1978.0,8945.0,3789.0
176,nm0001372,0,0,1,3,0,8,0,1,0,3,6,2,0,0,0,0,1,4,0,0,0,0,0,10,1998.0,269766.0,23727.0
177,nm0001378,4,0,2,6,0,14,0,2,0,13,6,5,1,1,2,0,0,6,1,0,4,0,1,22,1997.0,63059.0,3595.0
178,nm0001379,1,0,0,2,0,2,0,1,0,8,1,0,1,2,0,0,2,0,0,0,2,0,1,8,1978.0,50521.0,16984.0
179,nm0001401,20,0,4,12,5,6,0,10,0,20,6,5,2,3,0,1,7,11,2,0,18,0,0,33,2007.0,184314.0,77902.0
180,nm0001402,0,0,0,1,0,1,0,0,0,0,1,1,0,0,0,0,0,0,0,0,0,0,0,1,1996.0,3521.0,201187.0
181,nm0001418,2,0,0,1,0,1,0,1,0,2,0,0,0,0,2,0,2,2,1,0,4,0,0,6,1986.0,18648.0,4114.0
182,nm0001428,8,0,0,6,2,1,0,9,0,27,0,0,0,3,14,2,7,0,2,0,14,0,5,38,1976.0,6917.0,1216.0
183,nm0001429,9,0,0,3,0,7,0,11,0,16,1,0,1,2,0,0,0,1,1,0,5,0,0,17,2002.0,31103.0,14664.0
184,nm0001437,0,0,0,0,0,2,0,0,0,4,0,0,0,1,0,0,0,2,0,0,1,0,0,4,2008.0,3993.0,19249.0
185,nm0001471,2,0,0,0,0,30,0,3,0,3,3,2,0,0,0,1,1,8,4,0,0,0,0,30,1968.0,9254.0,4544.0
186,nm0001501,0,0,0,0,0,0,0,0,1,0,0,0,0,0,0,0,0,0,0,0,0,0,0,1,1969.0,803.0,9095.0
187,nm0001507,4,0,1,5,0,10,0,4,0,4,3,0,0,1,0,2,0,1,0,1,1,0,0,12,1989.0,36602.0,6822.0
188,nm0001508,0,0,0,1,0,1,0,0,0,1,1,0,0,0,0,0,0,1,0,0,0,0,0,1,2007.0,1302.0,89400.0
189,nm0001528,0,0,0,0,0,1,0,0,0,2,0,0,0,0,0,0,1,1,0,0,0,0,0,2,1996.0,15956.0,10294.0
190,nm0001537,2,0,0,2,0,0,0,1,0,4,1,1,0,0,4,0,2,2,3,0,4,0,0,8,1970.0,9458.0,5052.0
191,nm0001557,10,0,0,8,4,3,0,12,0,32,0,3,3,1,5,0,3,5,1,0,15,0,4,34,2005.0,188605.0,7636.0
192,nm0001570,6,0,1,3,2,9,1,16,0,25,0,1,0,0,0,1,9,6,1,0,16,0,1,30,2006.0,295341.0,59080.0
193,nm0001579,2,0,0,1,4,1,1,1,0,9,1,0,1,2,1,2,0,0,1,1,2,0,0,11,1994.0,87170.0,6196.0
194,nm0001590,1,0,0,0,0,7,0,9,0,9,0,1,0,0,1,0,4,2,1,0,5,0,0,13,1997.0,137552.0,11109.0
195,nm0001596,1,0,0,0,0,0,0,0,0,0,0,0,0,0,0,0,0,0,0,0,0,0,1,1,1967.0,1187.0,12068.0
196,nm0001603,1,0,0,0,0,0,0,0,0,1,0,0,0,0,0,0,0,1,0,0,0,0,1,1,1978.0,1516.0,25160.0
197,nm0001614,3,0,0,1,0,3,0,2,0,3,1,0,1,0,0,0,0,0,1,1,2,0,0,6,1993.0,79393.0,6005.0
198,nm0001627,8,0,0,5,0,5,0,7,0,17,0,0,1,0,0,0,2,3,0,0,8,0,2,19,1971.0,22847.0,10242.0
199,nm0001628,0,0,0,0,0,1,0,0,0,3,0,0,1,0,0,0,1,1,0,0,1,0,0,3,1984.0,142509.0,40094.0
200,nm0001629,5,0,0,0,1,3,0,3,0,6,1,1,0,1,1,0,3,1,0,1,4,0,0,9,2003.0,34139.0,10773.0
201,nm0001631,1,0,0,1,0,2,0,2,0,7,0,2,0,0,2,0,2,4,3,0,4,0,0,11,2002.0,79204.0,28401.0
202,nm0001641,2,0,0,5,2,11,0,1,0,18,0,1,3,4,2,0,2,17,0,0,1,0,0,27,2002.0,7447.0,3810.0
203,nm0001661,0,0,0,0,1,1,0,0,0,1,0,0,0,1,0,1,0,0,0,0,1,0,0,2,2000.0,79794.0,131185.0
204,nm0001674,4,0,5,8,1,19,0,4,0,7,6,2,0,1,2,0,1,4,1,1,5,0,0,22,2008.0,108422.0,22471.0
205,nm0001703,4,0,0,3,0,1,0,4,0,11,1,1,2,1,0,1,1,2,1,0,6,0,0,13,1973.0,8297.0,1134.0
206,nm0001705,4,0,1,1,0,11,1,4,0,1,2,1,0,0,0,0,0,3,1,2,0,0,0,12,2003.0,76046.0,49034.0
207,nm0001709,8,0,0,1,1,6,0,4,0,8,0,0,2,2,0,0,2,3,0,0,5,0,0,12,2006.0,26190.0,5308.0
208,nm0001710,2,0,3,4,0,7,0,1,0,0,3,0,0,0,0,0,0,3,0,0,1,0,0,7,2003.0,150188.0,57725.0
209,nm0001714,0,0,0,1,1,4,0,2,1,12,0,1,1,0,1,1,2,5,0,1,3,0,0,13,2000.0,22674.0,23764.0
210,nm0001715,3,0,0,2,1,9,2,5,0,17,1,0,3,2,2,0,7,5,1,3,5,1,1,24,1974.0,37750.0,1370.0
211,nm0001718,1,0,0,0,0,6,0,1,0,9,2,2,0,0,1,1,1,4,1,1,1,1,0,11,2003.0,50684.0,1621.0
212,nm0001731,4,0,0,4,2,2,0,4,0,19,0,1,1,1,0,1,3,5,1,0,7,0,3,22,1995.0,44121.0,1351.0
213,nm0001747,4,0,0,2,0,1,0,2,0,8,0,0,0,1,0,0,0,2,1,0,3,0,1,8,1984.0,66508.0,13112.0
214,nm0001752,0,0,0,0,0,2,0,0,0,0,0,2,0,0,0,0,2,0,0,0,0,0,0,2,1996.0,6187.0,113339.0
215,nm0001770,1,0,0,1,0,5,0,1,0,2,3,1,0,0,0,0,1,1,3,0,0,0,0,5,1989.0,21539.0,44996.0
216,nm0001774,6,0,3,10,1,32,0,4,0,13,9,6,1,0,0,2,2,11,2,1,1,0,0,35,2004.0,164505.0,271520.0
217,nm0001804,7,0,0,5,3,15,0,6,0,19,3,5,0,2,2,2,2,8,3,0,7,0,0,30,2009.0,101043.0,11811.0
218,nm0001806,3,0,0,2,1,12,0,8,0,22,1,1,1,2,1,2,4,4,0,0,8,0,0,28,2000.0,52120.0,9555.0
219,nm0001811,5,0,1,8,1,7,0,6,1,11,4,1,2,0,1,0,4,0,0,0,3,0,2,18,1973.0,15785.0,3232.0
220,nm0001829,3,0,0,1,0,2,0,5,0,5,0,1,0,0,2,0,3,1,0,0,4,0,0,7,1985.0,9163.0,2718.0
221,nm0001845,11,0,0,3,8,6,1,18,0,33,2,3,1,3,0,3,1,4,3,2,17,0,1,41,2007.0,86799.0,24535.0
222,nm0001857,1,0,0,0,0,5,0,0,0,2,0,0,0,0,0,0,0,2,0,2,0,0,0,5,1989.0,61445.0,1291.0
223,nm0001901,0,0,0,0,0,0,0,0,0,1,0,0,0,0,0,0,0,1,0,0,0,0,0,1,1974.0,3347.0,2085.0
224,nm0001929,1,0,1,2,0,40,1,4,0,19,2,2,0,3,0,2,2,8,0,1,4,0,0,48,2002.0,1668.0,1402.0
225,nm0001945,0,0,0,0,0,4,0,0,0,3,0,0,0,0,0,0,0,1,0,0,0,0,0,4,1978.0,259.0,4348.0
226,nm0001949,0,0,0,0,0,0,0,0,0,1,0,0,0,0,0,0,0,1,0,0,0,0,0,1,1984.0,451.0,3406.0
227,nm0001960,0,0,0,0,3,9,1,3,1,20,1,1,0,1,0,1,2,6,1,0,2,0,0,25,2005.0,4283.0,631.0
228,nm0002010,4,0,1,5,0,35,0,5,0,4,3,8,1,0,0,2,1,2,1,0,1,0,0,36,2003.0,10780.0,1869.0
229,nm0002041,1,0,0,0,0,0,0,0,0,0,0,0,0,0,0,0,0,0,1,0,1,0,0,1,1990.0,5972.0,75826.0
230,nm0002055,0,0,0,0,0,0,0,1,0,0,0,0,0,0,0,0,1,0,0,0,1,0,0,1,1984.0,19849.0,1133.0
231,nm0002064,4,0,0,3,0,9,1,4,0,10,1,0,0,0,1,2,1,3,1,0,5,0,0,14,2004.0,39447.0,5788.0
232,nm0002076,5,0,0,4,0,3,0,2,0,6,0,2,0,1,3,1,3,4,2,0,4,0,0,12,2006.0,104741.0,3330.0
233,nm0002077,2,0,0,1,1,4,0,3,0,5,0,0,0,1,0,1,0,1,0,0,1,0,0,6,1997.0,112399.0,97799.0
234,nm0002086,0,0,0,0,0,1,0,0,0,0,0,1,0,0,1,0,0,0,0,0,0,0,0,1,1990.0,3957.0,8263.0
235,nm0002087,0,0,0,0,1,0,0,0,1,1,0,0,0,1,0,0,0,0,0,0,0,0,0,3,1993.0,1341.0,7893.0
236,nm0002178,0,0,0,0,0,0,0,0,1,1,0,0,1,0,0,0,0,0,0,0,0,0,0,1,1972.0,222.0,931.0
237,nm0002192,0,0,0,0,0,0,0,0,2,0,0,0,0,0,0,0,0,0,0,0,0,0,0,2,1974.0,55.0,341.0
238,nm0002198,2,0,0,3,1,12,0,10,0,21,1,2,4,3,0,0,1,6,0,0,5,0,0,28,1974.0,2639.0,418.0
239,nm0002216,0,0,0,0,0,3,0,0,0,3,0,0,0,0,0,0,0,1,0,0,0,0,0,5,1977.0,413.0,2229.0
240,nm0002218,0,0,0,0,0,1,0,0,0,1,0,0,0,0,0,0,0,0,0,0,0,0,0,1,1978.0,91.0,2042.0
241,nm0002239,0,0,0,0,0,1,0,0,0,2,0,0,0,0,0,2,0,2,0,0,0,0,0,2,1985.0,14500.0,3973.0
242,nm0002253,0,0,0,0,2,1,0,1,0,3,0,0,0,1,0,0,0,1,0,0,1,0,0,4,2017.0,84422.0,27156.0
243,nm0002989,1,0,0,1,0,0,0,2,0,4,0,0,1,0,1,0,0,0,0,0,4,0,1,6,1982.0,4817.0,2168.0
244,nm0003029,0,0,0,0,0,1,0,0,0,0,0,0,0,0,0,0,0,0,0,0,0,0,0,1,2016.0,30.0,296.0
245,nm0003203,0,0,0,0,0,1,0,0,0,0,0,1,0,0,1,0,0,0,0,0,0,0,0,1,1960.0,20371.0,2619.0
246,nm0003408,0,0,0,0,1,0,0,0,4,0,0,0,0,1,0,0,0,0,0,0,0,0,0,4,1974.0,542.0,1244.0
247,nm0003508,2,0,0,0,0,30,0,8,0,17,0,0,0,1,0,0,2,9,0,0,1,0,0,36,2000.0,2349.0,1707.0
248,nm0003620,0,0,0,0,0,2,0,0,0,1,0,0,0,0,0,0,0,1,0,0,0,0,0,2,2004.0,96268.0,121947.0
249,nm0003910,0,0,0,0,0,0,0,0,0,0,0,0,0,0,1,0,0,0,0,0,1,0,0,1,1991.0,48488.0,6652.0
250,nm0004244,0,0,0,0,0,2,0,0,0,0,0,0,0,0,0,0,0,0,0,0,0,0,0,2,1969.0,17520.0,17520.0
251,nm0004380,0,0,0,1,0,6,0,2,0,3,0,1,0,0,0,1,2,3,0,0,1,0,0,8,2005.0,1078.0,854.0
252,nm0004462,4,0,0,1,1,18,0,25,0,67,0,0,8,6,2,0,13,22,2,0,25,0,2,81,1977.0,5561.0,326.0
253,nm0004594,0,0,0,0,0,1,0,0,0,0,0,0,0,0,0,0,0,0,0,0,0,0,0,1,1972.0,6.0,35.0
254,nm0004790,3,0,0,1,0,3,0,3,0,2,0,0,0,0,0,1,0,1,0,0,2,0,1,6,2007.0,18828.0,3421.0
255,nm0004874,20,0,1,11,1,3,0,14,0,9,2,1,0,0,1,0,0,0,7,0,15,0,0,24,2009.0,236765.0,1835.0
256,nm0004886,2,0,0,1,0,2,0,2,0,0,0,0,0,0,0,0,0,1,0,0,0,0,0,2,1996.0,52518.0,18920.0
257,nm0004906,1,0,0,1,0,4,0,1,0,7,1,1,0,0,1,0,1,3,0,0,4,0,0,9,2011.0,39410.0,5623.0
258,nm0004965,0,0,0,0,0,3,0,1,0,3,0,0,0,0,0,1,1,3,0,0,2,0,0,5,2007.0,73081.0,2035.0
259,nm0004988,1,0,1,2,1,8,0,4,0,4,1,1,0,1,0,0,2,3,0,0,3,0,0,10,2009.0,30833.0,3656.0
260,nm0005017,1,0,0,0,1,7,0,3,0,8,1,2,0,1,4,0,2,4,1,0,4,0,0,14,2010.0,25145.0,2583.0
261,nm0005022,0,0,0,0,0,1,0,0,0,1,0,0,0,0,1,0,0,1,0,0,1,0,0,2,1987.0,31076.0,12898.0
262,nm0005069,1,0,0,1,0,1,0,0,0,0,0,0,1,0,0,0,0,0,0,0,0,0,0,1,1999.0,183596.0,343409.0
263,nm0005093,1,0,0,0,2,4,0,2,0,6,0,1,0,1,0,1,0,5,1,0,1,0,0,9,2008.0,40182.0,35001.0
264,nm0005101,0,0,0,0,0,0,0,0,0,1,0,0,0,0,0,0,0,0,0,0,0,0,0,1,2014.0,8144.0,46665.0
265,nm0005190,0,0,1,1,0,1,0,0,0,0,1,0,0,0,0,0,0,0,0,0,0,0,0,1,2005.0,104058.0,73587.0
266,nm0005196,0,0,0,0,0,1,0,1,0,1,0,0,0,0,0,0,0,0,0,0,0,0,0,1,1996.0,2334.0,6139.0
267,nm0005295,4,0,4,4,0,11,1,0,0,0,1,3,0,0,1,0,0,0,0,1,1,0,1,11,2001.0,138802.0,113202.0
268,nm0005348,0,0,0,0,0,3,0,1,0,0,0,0,1,0,0,1,1,1,0,0,0,0,0,3,1970.0,12110.0,20785.0
269,nm0005367,0,0,0,0,0,0,0,0,0,0,0,1,0,0,1,0,0,0,0,0,0,0,0,1,1987.0,3261.0,39490.0
270,nm0005380,1,0,5,5,1,13,0,2,0,7,5,0,0,1,0,0,0,4,1,1,0,0,0,14,2012.0,122894.0,5755.0
271,nm0005522,4,0,0,2,1,1,0,1,0,2,0,0,0,0,0,0,0,0,0,0,2,0,1,5,2001.0,3732.0,13653.0
272,nm0005540,2,0,0,0,0,2,0,2,0,0,0,0,0,0,0,0,0,0,0,0,1,0,0,3,1996.0,30753.0,218557.0
273,nm0005599,0,0,1,1,0,8,3,0,0,16,0,1,0,2,1,0,0,7,0,0,2,0,0,18,2014.0,1141.0,268.0
274,nm0006092,2,0,0,1,0,3,1,3,0,6,0,0,0,0,0,0,0,3,1,0,1,0,0,8,1972.0,330.0,1644.0
275,nm0006166,0,0,0,0,0,0,0,0,0,1,0,0,0,0,0,0,0,0,0,0,0,0,0,1,1966.0,8.0,109.0
276,nm0006620,0,0,0,0,0,7,0,10,0,9,0,1,0,0,1,0,3,0,0,0,5,0,0,18,1996.0,110.0,174.0
277,nm0006837,0,0,1,1,0,1,0,0,0,0,1,0,0,0,0,0,0,0,0,0,0,0,0,1,2015.0,51252.0,5871.0
278,nm0006845,0,0,0,0,0,0,0,0,0,1,0,0,0,0,0,1,0,1,0,0,0,0,0,1,1997.0,2507.0,12616.0
279,nm0006846,1,0,0,0,0,1,0,1,0,0,0,0,0,0,0,0,0,0,0,0,0,0,0,1,1992.0,11854.0,97502.0
280,nm0006939,5,0,1,2,0,23,1,11,2,35,0,1,2,1,0,0,0,13,0,0,12,0,0,52,1995.0,1157.0,8267.0
281,nm0006969,7,0,3,5,3,19,0,3,0,15,5,2,0,5,3,1,2,5,3,2,4,0,0,28,2012.0,71500.0,124667.0
282,nm0007045,1,0,0,0,0,1,0,1,0,0,0,0,0,0,0,0,0,0,0,0,1,0,0,1,2000.0,1806.0,21309.0
283,nm0007069,0,0,0,4,0,42,0,6,0,13,0,1,0,0,0,0,1,7,0,2,3,0,0,45,1990.0,1828.0,1086.0
284,nm0007082,4,0,0,2,0,2,0,1,0,1,1,1,0,0,1,0,0,0,2,0,3,0,0,5,1987.0,21610.0,39151.0
285,nm0007182,0,0,1,0,0,0,0,0,0,0,0,1,0,0,1,0,0,0,1,0,0,0,0,1,2021.0,17334.0,21084.0
286,nm0007210,2,0,0,0,0,1,0,1,0,1,0,0,0,0,0,0,0,1,0,0,1,0,0,3,2006.0,8422.0,2125.0
287,nm0007814,0,0,2,2,0,3,1,2,0,17,2,0,1,2,0,2,0,1,0,0,1,0,0,18,2009.0,4647.0,157.0
288,nm0008442,0,0,0,0,0,4,0,2,0,4,0,0,0,0,0,0,2,0,0,0,0,0,0,4,2016.0,1244.0,2104.0
289,nm0010544,0,0,0,0,0,0,0,1,0,1,0,0,0,0,0,0,1,0,0,0,1,0,0,1,1974.0,961.0,137.0
290,nm0012027,0,0,0,0,0,0,0,0,0,1,0,0,0,0,0,0,0,0,0,0,0,0,0,1,1997.0,170.0,24.0
291,nm0014694,0,0,0,0,0,0,0,0,1,0,0,0,0,0,0,0,0,1,0,0,0,0,0,1,2021.0,645.0,2692.0
292,nm0015254,0,0,0,0,0,0,0,1,0,1,0,0,0,0,0,0,0,0,0,0,0,0,0,1,2000.0,291.0,291.0
293,nm0015382,5,0,1,4,1,0,0,1,0,5,0,0,1,3,0,1,0,1,1,0,2,0,0,7,2010.0,62626.0,2409.0
294,nm0017623,0,0,0,2,0,5,0,2,0,1,0,0,0,0,0,0,0,0,0,0,0,0,0,5,2000.0,6162.0,6561.0
295,nm0018132,0,0,0,0,0,0,0,0,0,1,0,0,0,0,0,0,0,1,0,0,0,0,0,1,2014.0,3722.0,2850.0
296,nm0023703,0,0,0,0,0,2,0,0,0,1,0,0,0,0,0,0,0,0,0,0,0,0,0,3,2014.0,34.0,16.0
297,nm0023832,4,0,1,5,5,28,2,6,3,47,1,5,1,3,2,6,8,12,3,2,12,0,0,60,2010.0,29603.0,1151.0
298,nm0025340,0,0,0,0,0,0,0,0,1,2,0,0,0,0,0,0,0,0,1,0,0,0,0,3,2015.0,55.0,73.0
299,nm0029268,1,0,0,0,0,0,0,2,0,2,0,0,0,0,0,1,0,0,0,0,1,0,0,2,1984.0,7344.0,67.0
300,nm0029574,0,0,0,0,0,0,0,0,0,0,0,0,0,0,0,0,0,0,0,0,0,0,0,1,1977.0,75.0,75.0
301,nm0030417,0,0,1,0,1,0,0,0,0,1,0,0,1,0,0,0,0,0,0,0,0,0,0,1,2013.0,104669.0,24645.0
302,nm0032561,1,0,0,0,0,0,0,1,0,1,0,0,0,0,0,0,0,0,0,0,0,0,0,1,1975.0,117.0,90.0
303,nm0037130,0,0,0,0,0,1,0,1,0,1,0,0,0,0,0,0,0,0,0,0,1,0,0,3,1982.0,271.0,1011.0
304,nm0037287,0,0,0,0,0,0,0,0,0,1,0,0,0,0,0,0,0,0,0,0,0,0,0,1,1983.0,57.0,86.0
305,nm0037867,0,0,0,0,0,0,0,0,2,0,1,0,0,0,0,0,0,0,0,0,0,0,0,2,2016.0,11630.0,6967.0
306,nm0038432,0,0,1,1,0,1,0,0,0,0,1,1,0,0,0,0,1,0,0,0,0,0,0,1,2018.0,14651.0,141744.0
307,nm0038896,0,0,0,0,0,0,0,0,1,0,0,0,0,0,0,0,0,0,0,0,0,0,0,1,2022.0,1506.0,10614.0
308,nm0040602,0,0,0,0,0,0,0,0,0,1,0,0,0,0,0,0,0,0,0,0,0,0,0,1,2006.0,8.0,8.0
309,nm0040822,0,0,0,0,0,0,0,0,0,1,0,0,0,0,0,0,0,0,0,0,0,0,0,1,1997.0,86.0,62.0
310,nm0040939,1,0,0,0,1,13,0,10,0,18,0,0,0,0,0,1,0,7,0,0,9,0,0,27,2007.0,2251.0,9928.0
311,nm0041315,0,0,0,0,0,3,0,1,0,5,0,0,0,0,0,0,1,0,0,0,0,0,0,5,2016.0,509.0,5657.0
312,nm0041332,0,0,0,0,0,0,0,0,1,0,0,0,0,0,0,0,0,0,0,0,0,0,0,1,1968.0,22.0,100.0
313,nm0041334,0,0,3,3,0,3,0,0,0,0,3,3,0,0,0,0,0,0,0,0,0,0,0,3,2009.0,8896.0,15969.0
314,nm0041932,0,0,0,0,0,2,0,1,0,2,0,0,0,0,0,0,1,1,0,0,0,0,0,2,1980.0,24668.0,9011.0
315,nm0042192,0,0,0,0,0,1,0,1,0,2,0,0,0,0,0,0,1,0,0,0,1,0,0,2,1995.0,259.0,32.0
316,nm0042848,0,0,0,0,0,0,0,3,0,4,0,0,1,2,0,0,0,1,0,0,2,0,0,5,1986.0,308.0,98.0
317,nm0044274,0,0,0,0,0,0,0,0,1,0,0,0,0,0,0,0,0,0,0,0,0,0,0,1,2010.0,26.0,82.0
318,nm0044611,0,0,0,1,0,1,0,0,0,1,0,0,0,0,0,0,0,0,0,0,0,0,0,1,1995.0,93.0,97.0
319,nm0046347,2,0,2,4,1,21,0,4,0,15,3,1,0,2,0,0,1,5,0,0,1,0,0,26,2010.0,2414.0,498.0
320,nm0046494,0,0,0,0,0,1,0,0,0,0,0,0,0,0,0,0,0,0,0,0,0,0,0,1,2003.0,1575.0,1575.0
321,nm0047049,0,0,0,0,0,1,0,0,0,0,0,0,0,0,0,0,0,1,0,0,0,0,0,1,2006.0,284.0,340.0
322,nm0048122,0,0,0,0,0,2,0,0,0,3,0,0,0,0,0,0,0,0,0,0,0,0,0,5,1987.0,32.0,8.0
323,nm0048932,0,0,0,1,0,3,0,3,0,9,0,2,0,1,2,0,2,4,1,0,4,0,0,10,2009.0,25175.0,4038.0
324,nm0050210,0,0,1,1,5,15,0,3,0,27,1,2,0,2,0,5,1,7,0,0,1,0,0,30,2008.0,1066.0,45.0
325,nm0051907,0,0,0,0,0,0,0,0,0,1,0,0,1,0,0,0,0,0,0,0,0,0,0,1,2001.0,3973.0,1417.0
326,nm0051939,0,0,1,1,0,0,0,0,0,0,0,0,0,0,0,1,0,0,1,0,0,0,0,1,2003.0,16816.0,4561.0
327,nm0053028,1,0,0,0,0,0,0,1,0,1,0,0,0,0,0,0,0,0,0,0,1,0,0,1,2002.0,1742.0,25044.0
328,nm0054538,0,0,0,1,0,0,0,1,0,2,0,0,0,1,1,0,0,0,0,0,0,0,0,3,1969.0,309.0,17.0
329,nm0054672,0,0,0,0,0,0,0,0,0,1,0,0,0,0,0,0,0,1,0,0,0,0,0,1,1964.0,3212.0,3146.0
330,nm0055129,0,0,0,0,0,1,0,0,0,1,0,0,0,0,0,0,0,0,0,0,0,0,0,1,1997.0,14.0,14.0
331,nm0056191,1,0,0,0,0,0,0,1,0,1,0,0,0,0,0,0,0,0,0,0,1,0,0,1,1961.0,6019.0,6019.0
332,nm0056435,0,0,0,0,0,0,0,0,0,1,0,0,0,0,0,0,0,1,0,0,0,0,0,1,1966.0,12492.0,19.0
333,nm0057621,0,0,0,0,0,1,0,0,0,0,0,0,0,0,0,0,0,0,0,0,0,0,0,1,1974.0,166.0,103.0
334,nm0057842,0,0,0,0,0,5,0,0,0,1,0,0,0,0,0,0,0,0,1,0,0,0,0,5,2009.0,1492.0,1826.0
335,nm0058388,0,0,0,0,0,0,0,0,0,1,0,0,0,0,0,0,0,0,0,0,0,0,0,1,1993.0,292.0,292.0
336,nm0058401,0,0,0,0,0,0,0,0,0,1,0,0,0,0,0,0,0,0,0,0,0,0,0,1,2010.0,422.0,394.0
337,nm0058713,0,0,0,0,0,2,0,0,0,0,0,0,0,0,0,0,0,1,0,1,0,0,0,2,2008.0,3116.0,678.0
338,nm0059431,5,0,3,5,1,8,0,2,0,5,4,4,0,1,3,0,0,1,0,2,3,0,0,14,2013.0,223111.0,9282.0
339,nm0059698,0,0,0,0,0,1,0,0,0,0,0,0,0,0,0,0,0,1,0,0,0,0,0,1,2022.0,2055.0,1456.0
340,nm0059750,1,0,0,0,0,0,0,1,0,1,0,0,0,0,0,0,0,0,0,0,0,0,0,1,2014.0,1810.0,1810.0
341,nm0060483,0,0,0,0,0,1,0,0,0,1,0,0,0,0,0,0,0,0,0,0,1,0,0,1,1972.0,443.0,52.0
342,nm0060634,0,0,0,0,0,1,0,0,0,3,0,0,0,0,0,0,0,0,0,0,0,0,0,3,1978.0,639.0,81.0
343,nm0064452,0,0,0,0,0,0,0,0,0,1,0,0,0,0,0,0,0,0,0,0,0,0,0,1,1989.0,77.0,77.0
344,nm0064741,0,0,0,0,0,2,0,0,0,9,0,0,0,0,0,0,1,2,0,0,0,0,0,9,2003.0,1326.0,3036.0
345,nm0066080,3,0,0,0,0,15,0,2,0,8,2,0,0,0,0,1,1,2,1,0,2,0,0,19,2017.0,2023.0,2839.0
346,nm0067169,0,0,0,0,0,3,0,0,0,4,0,0,0,0,0,0,0,1,0,0,0,0,0,5,1999.0,145.0,143.0
347,nm0069319,0,0,0,0,0,0,0,0,0,3,0,0,1,0,0,0,0,0,0,0,0,0,0,3,1961.0,376.0,74.0
348,nm0069547,0,0,0,0,0,1,0,0,0,0,0,0,0,0,1,0,1,0,0,0,0,0,0,1,1981.0,5618.0,1358.0
349,nm0069711,0,0,0,0,0,1,0,4,0,10,0,0,1,0,0,1,2,2,0,0,3,0,0,10,1993.0,640.0,1081.0
350,nm0071157,0,0,0,0,0,0,0,1,0,0,0,0,0,0,0,0,0,0,0,0,0,0,0,1,1975.0,15.0,15.0
351,nm0072364,0,0,0,0,0,0,0,0,0,3,0,0,0,0,0,0,0,0,0,0,0,0,0,3,2016.0,466.0,402.0
352,nm0072435,0,0,0,0,0,2,0,0,0,2,0,0,0,0,0,0,0,1,0,0,0,0,0,2,2002.0,10110.0,1272.0
353,nm0073384,1,0,0,0,1,3,0,2,0,13,1,1,1,2,0,0,3,3,0,0,5,0,0,14,2015.0,2579.0,2757.0
354,nm0075483,0,0,0,0,1,1,0,0,0,0,0,0,0,0,0,0,0,1,0,0,0,0,0,1,1998.0,1800.0,1800.0
355,nm0075849,0,0,0,0,1,1,0,0,0,1,0,0,0,0,0,0,0,0,0,0,0,0,0,1,2003.0,53366.0,30776.0
356,nm0076349,0,0,0,0,0,0,0,0,0,2,0,0,0,0,0,0,2,0,0,0,2,0,0,2,2003.0,169.0,196.0
357,nm0076478,0,0,0,0,0,0,2,0,2,0,0,0,0,0,0,2,0,0,0,0,0,0,0,2,1977.0,34.0,34.0
358,nm0076646,0,0,0,0,0,0,0,0,0,1,0,0,0,0,0,0,0,0,0,0,0,0,0,1,2012.0,25.0,25.0
359,nm0076679,0,0,0,0,0,0,0,0,0,1,0,0,0,0,0,0,0,0,0,0,0,0,0,1,1989.0,17936.0,1592.0
360,nm0077587,0,0,0,0,0,1,0,0,0,1,0,0,0,0,0,0,0,0,0,0,0,0,0,1,1976.0,320.0,1364.0
361,nm0077622,0,0,0,0,0,10,0,1,0,1,2,0,0,0,0,1,0,1,0,1,0,0,0,11,2012.0,1611.0,803.0
362,nm0078100,0,0,0,0,0,1,0,0,0,0,0,0,0,0,0,0,0,0,0,0,0,0,0,1,2000.0,84.0,84.0
363,nm0078155,0,0,0,0,0,6,0,7,1,21,0,2,0,1,0,0,2,1,0,0,3,0,0,22,1975.0,1854.0,113.0
364,nm0079273,8,0,0,1,2,3,0,5,0,10,0,2,2,2,2,0,1,4,0,1,8,0,0,16,2009.0,84103.0,5562.0
365,nm0081179,0,0,1,1,0,0,0,0,0,0,1,1,0,0,0,0,0,0,0,0,0,0,0,1,2019.0,1963.0,1415.0
366,nm0081661,0,0,0,0,0,0,0,0,0,1,0,0,0,0,0,0,0,0,0,0,0,0,0,1,2001.0,18.0,57.0
367,nm0082300,0,0,0,0,0,1,0,0,0,1,0,0,0,0,0,0,0,1,0,0,0,0,0,1,1963.0,2048.0,14291.0
368,nm0082526,0,0,0,0,0,3,0,0,0,1,3,1,0,0,0,0,0,0,0,0,0,0,0,3,1997.0,65492.0,63208.0
369,nm0082802,0,0,0,0,0,1,0,0,0,1,0,0,0,0,0,0,0,1,0,0,0,0,0,1,2009.0,14448.0,34747.0
370,nm0082859,0,0,0,0,0,0,0,0,0,1,0,0,0,0,0,0,0,0,0,0,1,0,0,1,1971.0,124.0,200.0
371,nm0083185,0,0,0,0,0,0,0,0,0,0,1,0,0,0,0,1,0,0,0,0,0,0,0,1,2014.0,15.0,76.0
372,nm0084114,1,0,0,0,0,0,0,0,0,1,0,0,0,0,0,0,0,0,0,0,1,0,0,1,2008.0,16628.0,10203.0
373,nm0086116,1,0,0,0,0,1,0,4,0,13,0,0,0,0,0,0,1,0,0,0,1,0,0,13,1978.0,1573.0,107.0
374,nm0086301,0,0,0,0,0,0,0,1,0,2,0,0,0,0,1,0,1,0,0,0,2,1,0,2,2016.0,41710.0,65602.0
375,nm0087126,2,0,0,2,0,21,0,3,0,5,0,1,1,1,1,1,1,1,0,0,2,0,0,27,1965.0,491.0,61.0
376,nm0087523,0,0,0,0,0,1,0,0,0,1,0,0,0,0,0,1,0,0,0,0,0,0,0,1,2020.0,5647.0,5647.0
377,nm0089714,0,0,0,0,0,0,0,0,1,0,0,0,0,0,0,0,0,0,0,0,0,0,0,1,2016.0,12.0,12.0
378,nm0092184,3,0,0,1,0,17,1,18,0,39,1,0,2,2,1,3,3,12,1,0,7,0,0,53,1994.0,1861.0,83.0
379,nm0093081,0,0,0,0,0,0,0,0,0,2,0,0,1,1,0,0,1,2,0,0,0,0,0,2,1989.0,9556.0,5043.0
380,nm0093606,0,0,0,0,0,0,0,0,0,0,0,0,0,0,1,0,0,0,0,0,0,0,0,1,1990.0,260.0,260.0
381,nm0093875,0,0,0,0,0,0,0,0,0,0,0,0,0,0,1,0,0,1,0,0,1,0,0,1,1990.0,2586.0,2586.0
382,nm0094274,0,0,0,0,0,0,0,0,0,1,0,0,0,0,0,0,0,0,0,0,0,0,0,1,2014.0,218.0,3409.0
383,nm0094726,0,0,0,0,0,1,0,0,1,3,0,0,0,0,0,1,0,1,0,0,0,0,0,4,1983.0,101.0,563.0
384,nm0094789,1,0,0,2,2,11,0,7,0,38,1,1,3,3,0,2,0,12,0,0,4,0,0,41,2002.0,1978.0,285.0
385,nm0094805,0,0,0,0,0,0,0,0,0,1,0,0,1,0,0,0,0,0,0,0,0,0,0,1,1960.0,13.0,13.0
386,nm0095275,1,0,0,0,0,0,0,1,0,1,0,0,0,0,1,0,0,0,0,0,1,0,1,2,2017.0,1805.0,816.0
387,nm0097033,0,0,0,0,0,0,0,0,0,1,0,0,0,0,0,0,0,0,0,0,0,0,0,1,1974.0,72.0,31.0
388,nm0098709,0,0,0,0,0,0,0,1,0,2,0,1,0,0,0,0,0,2,0,0,1,0,0,2,2004.0,4067.0,2482.0
389,nm0098868,0,0,0,0,0,0,0,0,0,1,0,0,0,0,0,0,0,0,0,0,0,0,0,1,1995.0,11.0,67.0
390,nm0099084,0,0,2,3,1,5,0,1,0,11,0,0,0,2,1,0,0,2,0,0,1,0,0,15,1995.0,451.0,354.0
391,nm0099378,0,0,0,1,0,8,0,0,0,6,0,0,0,2,0,1,0,2,0,0,0,0,0,10,1996.0,1099.0,522.0
392,nm0099396,0,0,0,0,0,0,0,1,0,1,0,0,0,0,0,0,0,0,0,0,0,0,0,1,2002.0,54.0,54.0
393,nm0099521,1,0,0,0,1,15,0,5,0,16,2,0,0,0,0,0,1,3,0,1,8,0,0,25,2014.0,1588.0,1382.0
394,nm0099828,0,0,0,2,1,24,0,1,0,2,0,2,0,0,1,0,0,2,1,0,1,0,0,26,2007.0,1679.0,2832.0
395,nm0100171,0,0,0,0,0,1,0,0,0,1,0,0,0,0,0,1,0,0,0,0,0,0,0,1,1962.0,29016.0,26.0
396,nm0102078,0,0,0,0,0,8,1,1,0,12,0,1,0,0,1,1,0,3,0,0,2,0,0,14,1995.0,1830.0,21.0
397,nm0102516,0,0,0,0,0,3,0,1,1,4,0,1,0,0,0,1,1,1,0,0,1,0,0,8,2007.0,75.0,816.0
398,nm0102566,2,0,1,3,0,3,0,6,0,10,0,0,0,0,1,0,2,1,1,0,4,0,2,14,1973.0,1678.0,123.0
399,nm0103785,0,0,1,1,1,9,0,1,0,5,1,0,0,0,0,0,0,5,1,0,0,0,0,10,2012.0,46267.0,96506.0
400,nm0105317,0,0,0,0,0,3,0,0,0,1,0,1,0,0,0,0,0,0,0,0,0,0,0,4,1999.0,290.0,465.0
401,nm0106924,0,0,0,0,0,1,0,0,0,0,0,1,0,0,1,0,0,0,0,0,0,0,0,1,1976.0,872.0,3480.0
402,nm0107035,0,0,0,2,0,5,0,4,0,6,0,0,0,2,0,0,0,1,0,0,0,0,1,10,1971.0,896.0,98.0
403,nm0108400,1,0,0,0,2,25,0,13,2,27,0,1,2,5,2,0,6,9,0,0,4,0,0,46,1974.0,2218.0,99.0
404,nm0109885,0,0,0,0,0,0,0,0,0,1,0,0,0,0,0,0,0,0,0,0,0,0,0,1,1978.0,9.0,1614.0
405,nm0111845,0,0,0,0,0,1,0,0,0,0,0,0,0,0,0,0,0,1,0,0,0,0,0,1,2009.0,77788.0,90288.0
406,nm0113164,0,0,0,0,0,0,0,0,2,0,0,0,0,0,0,0,0,0,0,2,0,0,0,2,1968.0,4074.0,3482.0
407,nm0116254,0,0,0,1,0,20,1,3,0,29,0,1,0,0,0,0,1,11,0,1,1,0,0,33,2007.0,2804.0,884.0
408,nm0117709,4,0,0,0,8,8,0,3,0,26,0,2,3,6,2,1,0,7,4,3,6,0,0,27,2012.0,51647.0,4199.0
409,nm0118345,0,0,0,0,0,1,0,0,0,1,0,0,0,0,0,1,0,0,0,0,0,0,0,1,2017.0,1105.0,2870.0
410,nm0118809,1,0,0,0,0,1,0,1,1,0,0,0,0,0,0,0,0,0,0,0,0,0,0,2,2000.0,56.0,283.0
411,nm0122602,1,0,0,0,0,0,0,1,0,1,0,0,0,0,0,0,0,0,0,0,1,0,0,1,2002.0,3190.0,2679.0
412,nm0122653,3,0,0,0,0,6,0,3,0,10,0,0,1,1,0,1,2,7,0,0,4,0,0,12,2002.0,145369.0,6865.0
413,nm0122987,0,0,1,1,0,2,0,0,0,0,1,0,0,0,0,0,0,0,0,0,0,0,0,2,2023.0,42952.0,44471.0
414,nm0124834,0,0,0,0,0,0,0,0,0,0,0,0,0,0,1,0,0,0,0,0,1,0,0,1,1990.0,20318.0,7126.0
415,nm0126864,0,0,0,0,0,0,0,0,1,2,0,0,0,0,0,0,0,0,0,0,0,0,0,3,1973.0,108.0,91.0
416,nm0126878,0,0,0,0,0,1,0,0,0,1,0,0,0,0,0,0,0,0,0,0,0,0,0,1,1997.0,47.0,251.0
417,nm0127635,0,0,0,0,0,0,0,0,0,1,0,0,0,0,0,0,0,0,0,0,0,0,0,1,1969.0,9.0,22.0
418,nm0127804,0,0,0,0,0,0,0,1,0,1,0,0,0,0,0,0,0,0,0,0,0,0,0,1,2002.0,30.0,126.0
419,nm0128621,0,0,0,0,0,1,0,0,0,0,0,0,0,0,0,0,0,0,0,0,0,0,0,2,1997.0,19.0,19.0
420,nm0131182,0,0,0,0,0,1,0,0,0,1,0,0,0,0,0,0,0,1,0,0,0,0,0,2,1996.0,110.0,208.0
421,nm0132064,0,0,0,1,0,13,0,0,0,13,1,1,0,0,0,0,0,7,0,0,0,0,0,18,2006.0,1868.0,3343.0
422,nm0132257,2,0,1,1,0,11,0,2,0,1,1,7,0,0,12,0,3,2,2,0,4,0,1,15,1997.0,74114.0,15536.0
423,nm0133899,2,0,1,6,5,13,0,6,1,34,4,3,1,4,0,1,3,10,4,4,8,0,0,43,2011.0,7443.0,18777.0
424,nm0134618,0,0,0,1,0,7,0,0,0,13,0,0,0,0,0,1,0,4,0,0,0,0,0,16,2007.0,513.0,83.0
425,nm0136001,0,0,0,0,1,8,0,5,1,23,0,0,1,2,0,0,3,8,0,0,6,0,0,29,2008.0,961.0,214.0
426,nm0136021,0,0,0,0,0,2,0,0,0,2,0,1,0,0,0,0,0,0,1,0,0,0,0,2,1998.0,805.0,17279.0
427,nm0136572,0,0,0,1,0,1,0,1,0,5,0,1,0,0,1,0,3,3,0,0,3,0,0,6,2014.0,3442.0,1985.0
428,nm0137379,0,0,0,0,0,0,0,0,1,0,0,0,0,0,0,0,0,0,0,0,0,0,0,1,2001.0,316.0,114.0
429,nm0142674,0,0,0,0,0,4,0,0,0,2,0,0,0,0,0,0,0,0,0,0,0,0,0,5,1996.0,66.0,23.0
430,nm0144812,1,0,0,1,0,8,0,2,0,11,0,1,1,0,0,0,1,6,0,0,0,0,0,14,2001.0,2586.0,9344.0
431,nm0146637,0,0,0,0,0,1,0,0,0,1,0,0,0,0,0,0,0,0,0,0,0,0,0,1,2004.0,173.0,257.0
432,nm0146760,0,0,0,0,0,1,0,0,0,1,0,0,0,0,0,0,0,0,0,0,0,0,0,1,2011.0,529.0,290.0
433,nm0147544,0,0,0,0,0,1,0,0,0,2,1,0,0,0,0,0,0,0,0,0,0,0,0,2,2005.0,26.0,133.0
434,nm0148996,0,0,0,0,0,5,0,0,1,14,0,1,0,0,1,0,2,7,0,0,2,0,0,16,2008.0,245.0,35.0
435,nm0149260,0,0,2,3,0,20,0,1,0,6,5,5,0,0,3,1,0,6,1,0,1,0,0,22,2008.0,6988.0,17596.0
436,nm0150762,0,0,0,0,0,0,0,1,0,0,0,0,0,0,1,0,1,0,0,0,1,0,0,1,1974.0,549.0,24.0
437,nm0151540,0,0,0,0,0,5,0,2,0,1,0,0,0,0,0,0,2,0,0,0,0,0,0,5,2011.0,58475.0,60518.0
438,nm0156017,0,0,0,0,0,1,0,0,0,0,0,0,0,0,0,0,0,1,0,0,0,0,0,1,1998.0,1162.0,1162.0
439,nm0156228,0,0,0,2,1,25,0,4,0,27,0,0,1,2,0,0,1,5,0,0,4,0,0,39,1999.0,485.0,56.0
440,nm0158979,0,0,0,0,0,1,0,0,0,0,0,0,0,0,0,0,0,0,0,0,0,0,0,1,1987.0,122.0,56.0
441,nm0161717,0,0,0,0,1,0,0,0,0,3,0,0,2,1,0,0,0,0,0,0,0,0,0,3,1995.0,4581.0,4747.0
442,nm0162947,0,0,0,0,0,3,0,0,0,4,0,0,0,0,0,1,0,1,0,0,0,0,0,6,2005.0,557.0,49.0
443,nm0163095,0,0,0,0,0,0,0,0,0,1,0,0,0,0,0,0,0,0,0,0,0,0,0,1,1969.0,15.0,92.0
444,nm0163223,0,0,1,0,0,4,2,0,0,2,1,0,0,0,0,1,0,1,0,0,0,0,0,5,2021.0,274.0,7.0
445,nm0163229,0,0,0,0,0,1,0,0,1,0,0,0,0,0,0,0,0,0,0,0,0,0,0,2,1966.0,41.0,253.0
446,nm0163988,1,0,0,0,0,0,0,1,1,2,0,0,1,0,1,0,0,1,0,0,3,0,0,4,2015.0,17252.0,34100.0
447,nm0164999,0,0,0,0,1,1,0,0,1,1,0,0,0,0,0,0,0,0,0,0,0,0,0,2,1968.0,1515.0,1308.0
448,nm0165398,0,0,0,0,0,1,0,0,0,1,0,0,0,0,0,0,0,0,0,0,0,0,0,1,2001.0,203.0,8.0
449,nm0166438,0,0,0,0,0,0,0,0,0,2,0,0,0,0,0,0,0,0,0,0,0,0,0,2,2002.0,40.0,19872.0
450,nm0166507,0,0,0,0,0,0,0,0,0,0,0,1,0,0,1,0,1,0,0,0,0,0,0,1,1991.0,27.0,281.0
451,nm0167043,0,0,0,0,0,0,0,1,0,1,0,0,0,0,0,0,0,0,0,0,1,0,0,1,2016.0,808.0,1448.0
452,nm0167509,1,0,0,1,0,5,1,5,0,17,0,1,2,0,0,2,3,2,3,0,3,0,0,20,1976.0,857.0,105.0
453,nm0168413,0,0,0,0,0,0,0,0,1,0,0,0,0,0,0,0,0,0,0,0,0,0,0,1,1960.0,185.0,3890.0
454,nm0169051,0,0,0,0,0,5,0,0,0,3,0,0,0,0,0,0,0,0,0,0,1,0,0,7,1979.0,49.0,44.0
455,nm0169300,0,0,0,0,0,1,0,0,0,1,0,1,0,0,0,0,0,0,0,0,0,0,0,2,2003.0,767.0,6676.0
456,nm0169621,0,0,0,0,0,2,0,0,0,4,0,0,0,0,1,0,0,3,0,0,1,0,0,5,2008.0,7205.0,208.0
457,nm0169699,0,0,0,0,1,1,0,0,0,1,1,0,0,0,0,0,0,1,0,0,0,0,0,2,2014.0,46.0,88.0
458,nm0169806,2,0,0,1,0,5,0,0,0,2,0,0,1,0,1,0,0,0,1,0,1,0,0,5,2013.0,230911.0,271466.0
459,nm0171664,0,0,0,0,1,0,0,1,0,1,0,0,0,0,0,0,0,0,0,0,0,0,0,1,1992.0,2470.0,2470.0
460,nm0172025,0,0,0,0,0,0,0,0,0,1,0,0,0,0,0,0,0,0,0,0,0,0,0,1,1980.0,10.0,118.0
461,nm0173354,0,0,0,1,0,10,0,4,0,3,1,0,0,0,0,0,0,1,0,0,0,0,0,11,1980.0,2696.0,521.0
462,nm0175916,3,0,0,2,1,4,0,3,0,12,0,0,0,0,3,0,2,5,1,0,5,0,0,15,2009.0,35362.0,34442.0
463,nm0177896,5,0,0,4,3,13,0,6,0,14,0,1,1,2,2,2,4,8,3,0,8,0,0,25,2014.0,338314.0,249700.0
464,nm0180404,7,0,1,6,0,23,1,3,0,24,3,5,0,1,3,2,3,5,1,1,7,0,1,40,2009.0,2394.0,2473.0
465,nm0181246,0,0,0,0,0,6,0,0,0,3,0,0,0,2,0,0,0,1,0,0,0,0,0,6,2016.0,4146.0,14415.0
466,nm0183659,0,0,0,0,0,1,0,0,1,2,0,0,0,0,0,0,0,0,0,0,0,0,0,2,1998.0,25.0,26.0
467,nm0191685,2,0,0,1,1,4,0,2,0,4,0,1,1,0,1,0,0,2,0,0,1,0,2,8,1974.0,4361.0,1495.0
468,nm0192182,0,0,0,0,0,0,0,0,0,1,0,0,0,0,0,0,0,0,0,0,0,0,0,1,1966.0,8.0,8.0
469,nm0192490,0,0,0,2,0,2,0,0,0,7,0,0,1,2,0,0,2,2,0,0,0,0,0,8,1976.0,3308.0,95.0
470,nm0193554,0,0,0,0,0,0,0,0,0,1,0,0,0,0,1,0,1,0,0,0,1,0,0,1,2020.0,71803.0,13816.0
471,nm0195439,2,0,0,1,0,1,0,1,0,7,0,1,2,2,2,0,2,3,2,0,5,0,0,9,2010.0,38668.0,11959.0
472,nm0197855,0,0,0,0,0,1,0,0,0,0,0,0,0,0,0,0,0,0,0,0,0,0,0,1,2005.0,108933.0,214182.0
473,nm0199047,0,0,0,1,0,6,0,0,0,10,0,1,0,0,0,0,0,4,1,0,1,0,0,12,2012.0,1575.0,1500.0
474,nm0200452,2,0,0,4,2,4,0,1,0,13,0,3,0,2,0,1,0,2,3,0,2,0,1,14,2013.0,188350.0,32280.0
475,nm0200469,0,0,0,0,0,2,0,1,0,2,0,0,0,0,0,0,0,1,0,0,0,0,0,3,1988.0,180.0,227.0
476,nm0200645,1,0,0,0,1,0,0,1,0,0,0,0,0,1,0,0,0,0,0,0,0,0,0,1,1960.0,1439.0,1065.0
477,nm0200702,2,0,1,2,0,20,0,2,0,3,2,0,0,0,0,0,0,3,0,0,0,0,0,21,2014.0,8727.0,11465.0
478,nm0201669,1,0,1,1,1,41,0,7,0,48,0,0,1,1,0,0,3,13,0,1,4,0,0,64,2007.0,2040.0,392.0
479,nm0205289,0,0,0,0,0,2,0,0,0,4,0,0,0,0,0,1,0,0,0,1,0,0,0,4,1998.0,8391.0,7666.0
480,nm0209629,0,0,0,0,0,2,0,0,0,8,0,0,0,1,1,0,1,0,0,0,3,0,0,11,2013.0,1953.0,178.0
481,nm0210206,0,0,0,0,0,1,0,0,0,0,0,0,0,0,0,0,1,0,0,0,1,0,0,1,2020.0,411.0,411.0
482,nm0210948,0,0,0,0,0,0,0,0,0,1,0,0,0,0,0,0,0,0,0,0,0,0,0,2,2006.0,71.0,424.0
483,nm0211387,0,0,0,0,0,0,0,0,0,0,0,1,0,0,0,0,0,0,0,0,0,0,0,1,1976.0,35.0,35.0
484,nm0213499,0,0,0,0,0,0,0,0,1,0,0,0,0,0,0,0,0,0,0,0,0,0,0,1,1974.0,681.0,501.0
485,nm0214088,0,0,0,0,0,1,0,0,0,0,0,0,0,0,0,0,0,1,0,0,0,0,0,1,1976.0,37.0,30.0
486,nm0217779,0,0,0,0,0,1,0,0,0,0,0,0,0,0,0,0,0,0,0,0,0,0,0,1,1985.0,21.0,330.0
487,nm0218022,0,0,0,0,0,2,0,0,0,2,0,0,0,0,0,0,0,0,0,0,0,0,0,2,2009.0,1684.0,1849.0
488,nm0218843,0,0,1,0,1,10,1,2,1,16,0,0,0,0,0,0,1,5,1,0,2,0,0,23,2001.0,439.0,1148.0
489,nm0219959,0,0,0,0,0,0,0,0,0,1,0,0,0,0,1,0,0,1,0,0,0,0,0,1,2013.0,350.0,12201.0
490,nm0220240,1,0,0,2,0,5,0,0,0,6,1,1,0,0,0,0,0,3,0,0,0,0,0,8,2018.0,20596.0,33391.0
491,nm0220907,0,0,0,0,0,2,0,0,0,0,0,0,0,0,0,0,0,0,0,0,0,0,0,2,2009.0,28.0,37.0
492,nm0223622,0,0,0,0,0,2,0,1,0,1,0,0,0,0,0,0,0,0,1,0,0,0,0,3,1972.0,373.0,1470.0
493,nm0223924,0,0,0,0,0,1,0,0,0,0,0,0,0,0,0,0,0,1,0,0,0,0,0,1,2011.0,1869.0,3128.0
494,nm0224331,0,0,0,0,0,1,0,0,0,3,0,0,1,0,2,0,2,1,0,0,2,0,0,3,2011.0,5881.0,24508.0
495,nm0225269,0,0,0,0,0,0,0,0,1,0,0,0,0,0,0,0,0,0,0,0,0,0,0,1,1997.0,1754.0,3929.0
496,nm0226386,0,0,0,0,0,4,0,0,0,0,0,0,0,0,0,0,0,0,0,1,0,0,0,4,2004.0,326.0,81.0
497,nm0226398,0,0,0,0,0,0,0,0,2,3,0,0,0,0,0,0,0,0,0,0,0,0,0,4,2002.0,50.0,37.0
498,nm0227570,0,0,0,0,0,1,0,0,0,1,0,0,0,0,0,0,0,1,0,0,0,0,0,1,2003.0,1107.0,642.0
499,nm0228853,0,0,0,0,0,0,0,0,0,1,0,0,0,0,0,0,0,1,0,0,0,0,0,1,1964.0,2191.0,1682.0
500,nm0229066,0,0,0,0,0,1,0,0,0,0,1,0,0,0,0,0,0,0,1,0,0,0,0,2,1996.0,24.0,33.0
501,nm0229073,0,0,0,0,0,1,0,0,0,1,0,0,0,0,0,0,0,1,0,0,0,0,0,1,2003.0,100.0,338.0
502,nm0229565,0,0,0,0,0,1,0,0,0,0,0,0,0,0,0,0,0,0,0,0,0,0,0,1,2004.0,9.0,9.0
503,nm0230666,0,0,1,1,0,1,0,0,0,0,1,1,0,0,0,1,0,0,0,0,0,0,0,1,2023.0,17615.0,24128.0
504,nm0230695,0,0,0,0,0,0,0,0,0,2,0,0,0,0,0,0,0,1,0,0,0,0,0,2,1984.0,308.0,509.0
505,nm0230696,0,0,0,0,0,0,0,0,0,1,0,0,0,0,0,0,0,0,0,0,0,0,0,1,1979.0,182.0,950.0
506,nm0230859,0,0,0,0,0,1,0,0,0,6,0,0,0,1,0,0,2,4,0,0,1,0,0,6,2014.0,17336.0,26483.0
507,nm0231319,0,0,1,1,1,11,0,2,0,15,2,0,0,0,0,0,1,5,0,0,0,0,0,20,2002.0,1343.0,39.0
508,nm0231596,0,0,0,0,0,0,0,0,1,0,0,0,0,0,0,1,0,0,0,0,0,0,0,1,2022.0,1996.0,94569.0
509,nm0232540,0,0,0,0,0,1,0,1,0,3,0,0,0,0,0,0,1,0,0,0,0,0,0,4,1969.0,4366.0,136.0
510,nm0233123,0,0,0,0,0,11,1,0,0,11,0,0,0,1,0,0,0,6,0,0,0,0,0,17,2012.0,719.0,2180.0
511,nm0234748,0,0,0,0,0,0,0,0,0,1,0,0,0,0,0,0,0,0,0,0,0,0,0,1,1993.0,13.0,13.0
512,nm0235370,0,0,0,0,0,1,0,0,0,2,0,0,0,0,0,0,0,0,0,0,0,0,0,2,1990.0,22.0,160.0
513,nm0237921,0,0,0,0,0,1,0,0,0,1,0,0,0,0,0,0,0,0,0,0,0,0,0,1,1977.0,99.0,13.0
514,nm0238506,0,0,1,0,0,3,0,1,1,8,1,0,1,1,0,2,0,3,0,0,0,0,0,11,2011.0,680.0,88.0
515,nm0239381,0,0,0,0,0,0,0,0,0,0,0,1,0,0,0,0,0,0,0,0,0,0,0,1,1979.0,19.0,58.0
516,nm0239498,0,0,1,1,0,18,0,0,0,2,1,2,0,0,0,0,0,4,0,1,0,0,0,18,2016.0,1762.0,3190.0
517,nm0239586,0,0,0,0,0,1,0,0,0,2,0,0,0,0,0,0,0,2,0,0,0,0,0,3,1992.0,41.0,118.0
518,nm0240797,0,0,0,1,0,1,0,0,0,0,1,1,0,0,1,0,0,0,1,0,0,0,0,2,1980.0,21594.0,143118.0
519,nm0241121,5,0,0,3,0,19,0,7,1,13,0,0,0,1,1,0,1,4,0,0,6,0,0,27,2012.0,16445.0,8883.0
520,nm0241173,1,0,0,2,0,5,0,1,0,2,0,1,0,0,0,0,2,1,2,0,1,0,0,6,2013.0,66342.0,16316.0
521,nm0241222,1,0,0,1,0,2,0,1,0,3,0,0,0,1,0,0,1,2,0,0,2,0,0,5,2014.0,5331.0,1497.0
522,nm0241487,1,0,0,0,0,1,0,1,0,1,0,0,0,0,0,0,0,0,0,0,0,0,0,3,1988.0,857.0,46.0
523,nm0241622,0,0,0,0,0,0,0,0,1,0,0,0,0,0,0,0,0,0,0,0,0,0,0,1,2010.0,26.0,3257.0
524,nm0243109,0,0,0,0,0,1,0,0,0,1,0,0,0,0,0,0,0,1,0,0,0,0,0,1,1996.0,4098.0,4098.0
525,nm0243231,0,0,0,1,0,0,0,0,0,3,0,0,0,0,0,0,0,1,1,0,0,0,0,3,2014.0,15053.0,36259.0
526,nm0243233,0,0,0,1,0,6,0,0,0,7,0,2,0,0,3,0,1,5,3,0,3,0,0,10,2015.0,41019.0,36259.0
527,nm0243355,4,0,0,1,0,17,0,9,0,21,0,0,2,1,0,0,2,4,1,0,5,0,0,28,2006.0,8216.0,4780.0
528,nm0243921,0,0,0,0,0,0,0,0,0,2,0,0,0,0,0,0,0,1,0,0,0,0,0,3,1979.0,251.0,451.0
529,nm0244756,0,0,0,0,0,0,0,0,0,0,0,0,0,0,1,0,1,0,0,0,1,0,0,1,2009.0,1399.0,1399.0
530,nm0244782,0,0,0,0,0,1,0,0,0,4,0,0,1,0,0,0,0,0,0,1,0,0,0,4,1986.0,147.0,182.0
531,nm0244999,3,0,0,1,1,3,0,5,1,14,0,0,0,0,0,0,1,2,0,0,2,0,0,18,1994.0,3923.0,231.0
532,nm0245112,0,0,0,0,1,1,0,0,0,5,1,0,0,0,2,1,3,1,2,0,3,0,0,7,2003.0,91379.0,28500.0
533,nm0249291,7,0,0,3,5,4,0,8,0,24,1,3,0,3,3,1,8,3,2,2,12,0,1,28,2014.0,118825.0,111656.0
534,nm0249528,0,0,0,0,0,1,0,0,0,0,0,0,0,0,0,0,0,0,0,0,1,0,0,1,1999.0,10870.0,10870.0
535,nm0251986,6,0,2,5,3,19,0,5,0,17,2,0,1,1,4,1,6,4,1,0,10,0,0,28,2013.0,148621.0,30144.0
536,nm0252230,9,0,1,7,5,4,0,5,0,16,2,2,0,3,0,1,2,4,7,1,7,0,0,23,2014.0,216350.0,47425.0
537,nm0252961,11,0,2,10,2,5,0,8,0,13,2,3,0,1,2,0,3,4,2,0,8,0,1,22,2015.0,149378.0,3466.0
538,nm0253018,2,0,0,0,0,15,0,5,0,17,0,0,1,0,0,0,0,6,0,0,6,0,0,25,2010.0,749.0,563.0
539,nm0255362,1,0,1,1,0,14,0,0,1,9,2,2,1,2,0,1,0,5,0,1,1,0,0,16,2008.0,7181.0,472.0
540,nm0257991,0,0,0,0,0,0,0,0,0,0,0,0,0,0,0,0,0,0,0,0,0,0,0,1,1971.0,16.0,2688.0
541,nm0262635,25,0,2,20,2,11,0,7,0,12,2,2,0,0,0,0,4,5,17,0,10,0,0,37,2013.0,457584.0,66099.0
542,nm0268543,0,0,0,0,0,1,0,0,0,0,0,0,0,0,0,0,0,1,0,0,0,0,0,1,1996.0,537.0,1386.0
543,nm0269329,0,0,0,0,0,0,0,0,1,0,0,0,0,0,0,0,0,0,0,0,0,0,0,1,2007.0,13.0,13.0
544,nm0269463,0,0,0,1,1,8,0,1,0,5,0,0,0,1,0,0,0,4,0,2,1,0,0,9,2002.0,88783.0,444671.0
545,nm0269542,0,0,0,0,0,1,0,0,0,0,0,0,0,0,0,0,0,0,0,0,0,0,0,1,2018.0,13006.0,159637.0
546,nm0269682,0,0,0,0,0,1,0,0,1,2,0,0,0,0,0,0,0,0,0,0,0,0,0,2,1973.0,178.0,100.0
547,nm0270830,0,0,0,0,0,0,0,0,0,1,0,0,1,0,0,0,0,0,0,0,0,0,0,1,1987.0,37185.0,100.0
548,nm0271501,1,0,0,1,1,0,0,0,0,1,1,1,0,0,0,0,0,1,1,0,0,0,0,2,1989.0,12263.0,6385.0
549,nm0272401,2,0,3,3,1,5,1,1,0,2,4,2,0,1,0,0,0,3,0,0,0,0,0,7,2006.0,180746.0,2178.0
550,nm0273178,0,0,0,0,0,2,0,0,0,5,0,2,1,0,0,0,0,1,0,0,0,0,0,5,1983.0,9356.0,1761.0
551,nm0275093,0,0,0,0,0,1,0,0,0,0,0,0,0,0,0,0,0,0,0,0,0,0,0,1,2012.0,22.0,71.0
552,nm0275244,0,0,0,0,0,1,0,0,0,5,0,0,0,1,5,0,1,0,0,0,3,0,0,7,2013.0,7325.0,4903.0
553,nm0275913,2,0,0,0,0,1,0,4,0,4,0,0,0,0,0,0,0,0,1,0,3,0,0,5,2006.0,17982.0,1810.0
554,nm0276062,0,0,0,0,0,3,0,0,0,3,0,0,0,0,0,0,1,2,0,0,3,0,0,5,1996.0,80938.0,88019.0
555,nm0277229,0,0,0,0,0,5,0,0,0,11,0,0,0,0,0,1,0,5,1,0,1,0,0,13,2004.0,754.0,468.0
556,nm0278503,0,0,0,0,0,1,0,0,0,2,0,1,0,0,0,0,0,0,0,0,0,0,0,2,2012.0,4424.0,2648.0
557,nm0280541,2,0,0,1,0,1,0,0,0,0,0,0,0,0,0,0,1,0,0,0,1,0,0,2,2006.0,1918.0,1679.0
558,nm0280721,0,0,0,0,0,1,0,0,1,0,0,0,0,0,0,0,0,0,0,0,0,0,0,1,1983.0,14.0,15.0
559,nm0283810,0,0,0,0,0,1,0,0,0,1,0,0,0,0,0,0,0,0,0,0,0,0,0,1,2018.0,12.0,5631.0
560,nm0285135,0,0,0,0,0,2,0,1,0,6,0,0,0,0,1,0,2,0,0,0,4,0,0,6,2016.0,6513.0,1168.0
561,nm0288330,0,0,0,0,0,1,1,0,0,0,0,0,0,0,0,1,0,1,0,0,0,0,0,1,1980.0,103.0,54.0
562,nm0290556,11,0,0,8,7,7,0,8,0,21,1,3,2,5,0,1,2,6,1,1,6,0,0,29,2011.0,121911.0,36363.0
563,nm0291959,0,0,0,0,0,1,0,0,0,1,0,0,0,0,0,0,0,0,0,0,0,0,0,1,1983.0,186.0,14.0
564,nm0293739,1,0,0,1,1,11,1,7,0,34,0,2,0,1,0,1,4,12,2,0,6,0,0,38,1982.0,1147.0,67.0
565,nm0293889,0,0,0,1,0,5,0,1,0,7,0,1,0,0,0,0,0,4,0,0,0,0,0,10,1996.0,2778.0,264.0
566,nm0296144,0,0,0,0,0,0,0,0,1,0,0,0,0,0,0,0,0,0,0,0,0,0,0,1,2002.0,167.0,1936.0
567,nm0299677,0,0,0,0,0,0,0,0,0,0,0,0,0,0,0,0,0,0,0,0,1,0,0,1,1987.0,126.0,192.0
568,nm0300965,1,0,0,0,0,0,0,1,0,1,0,0,0,0,0,0,0,0,0,0,0,0,0,1,1974.0,2388.0,27.0
569,nm0302546,0,0,0,0,0,0,0,0,0,1,0,0,0,0,0,0,0,0,0,0,0,0,0,1,1990.0,138.0,112.0
570,nm0302916,0,0,1,1,4,5,1,0,0,5,2,0,0,2,0,1,0,2,0,0,0,0,0,11,2013.0,5245.0,4301.0
571,nm0303145,0,0,0,0,0,2,0,0,1,4,0,0,0,0,1,0,0,0,0,0,0,0,0,6,1997.0,456.0,14.0
572,nm0304830,1,0,0,0,0,1,0,1,0,0,0,0,0,0,0,0,0,0,0,0,0,0,0,1,2007.0,28280.0,36947.0
573,nm0305368,0,0,1,0,0,12,0,3,0,25,0,0,2,1,2,1,2,14,0,0,4,0,0,32,1994.0,1408.0,2121.0
574,nm0305558,1,0,1,4,3,6,0,5,0,29,1,2,0,3,1,2,3,7,2,2,9,0,0,29,2009.0,79591.0,1852.0
575,nm0307531,0,0,1,1,0,1,0,0,0,0,2,0,0,0,0,0,0,0,1,0,0,0,0,2,2006.0,661512.0,5266.0
576,nm0308039,0,0,1,1,6,10,1,1,2,32,2,0,0,8,0,0,1,16,1,0,2,0,0,36,2014.0,7288.0,2976.0
577,nm0308042,0,0,0,0,0,0,0,0,1,5,0,2,0,0,0,2,0,0,0,0,0,0,0,5,1978.0,408.0,749.0
578,nm0309697,0,0,0,0,0,0,0,0,0,1,0,0,0,0,0,0,0,0,0,0,0,0,0,1,1975.0,18.0,1767.0
579,nm0315041,2,0,2,4,0,7,0,1,0,1,4,3,1,0,0,0,0,1,0,0,0,0,1,7,2011.0,102695.0,68037.0
580,nm0315591,0,0,0,0,0,0,0,0,1,0,0,0,0,0,0,0,0,0,0,0,0,0,0,1,2002.0,10.0,12.0
581,nm0315861,0,0,0,0,0,0,0,0,0,1,0,0,0,0,0,0,0,0,0,0,0,0,0,1,2003.0,44.0,57.0
582,nm0316034,0,0,0,0,0,2,0,1,0,1,0,0,0,0,0,0,0,0,0,0,0,0,0,2,2001.0,6978.0,6561.0
583,nm0316795,0,0,0,0,0,0,0,1,1,0,0,0,0,1,0,0,0,0,0,0,0,0,0,1,2007.0,17061.0,13586.0
584,nm0318875,0,0,0,0,0,0,0,0,1,1,0,0,0,0,0,0,0,1,0,0,0,0,0,2,1971.0,409.0,229.0
585,nm0319708,0,0,0,0,0,0,0,0,0,1,0,0,0,0,0,0,0,0,0,0,0,0,0,1,1966.0,589.0,10.0
586,nm0320495,0,0,0,2,0,4,0,1,0,1,0,0,0,0,0,0,0,0,0,0,0,0,0,4,2000.0,6352.0,6561.0
587,nm0320510,0,0,0,0,0,0,0,1,0,1,0,0,0,0,0,0,0,0,0,0,1,0,0,1,1963.0,694.0,953.0
588,nm0320759,0,0,0,0,1,6,0,1,0,14,0,1,0,2,1,0,1,3,0,1,4,0,0,16,2018.0,1853.0,20.0
589,nm0320762,0,0,0,0,2,11,0,3,0,26,1,0,1,1,1,0,3,8,0,0,5,0,0,31,2001.0,2596.0,382.0
590,nm0320808,5,0,0,5,0,15,0,8,1,26,0,0,2,2,0,0,2,10,0,0,5,0,1,35,1990.0,842.0,205.0
591,nm0320929,0,0,0,0,0,0,0,0,0,1,0,0,0,0,0,0,0,0,0,0,0,0,0,1,1989.0,47.0,406.0
592,nm0321159,0,0,0,0,1,0,0,0,1,1,0,0,0,0,0,0,0,0,0,0,0,0,0,1,2012.0,49.0,1192.0
593,nm0321676,0,0,0,0,0,0,0,0,0,1,0,0,0,0,0,0,0,0,0,0,0,0,0,1,1973.0,16.0,20.0
594,nm0329023,1,0,0,0,0,0,0,1,0,1,0,0,0,0,0,0,0,0,0,0,1,0,0,1,2008.0,13562.0,20694.0
595,nm0329029,0,0,0,0,0,0,0,0,0,0,0,0,0,0,1,0,0,0,0,0,0,0,0,1,1972.0,1670.0,1178.0
596,nm0330185,0,0,0,0,0,3,0,1,0,3,0,0,0,0,0,0,1,0,0,0,0,0,0,3,2014.0,1565.0,2104.0
597,nm0330360,1,0,0,0,0,2,0,1,0,2,0,0,0,0,1,0,1,1,0,1,2,0,0,4,1984.0,49586.0,7868.0
598,nm0330687,7,0,1,4,3,12,0,12,0,20,2,2,1,2,0,1,3,7,4,0,8,0,0,28,2011.0,231701.0,250601.0
599,nm0331516,7,0,0,2,2,7,0,9,0,22,0,1,0,1,0,2,5,7,1,0,11,0,0,25,2012.0,296814.0,19444.0
600,nm0331868,0,0,0,0,0,4,0,1,0,4,0,0,0,0,0,0,0,1,0,0,0,0,0,4,2018.0,4755.0,4804.0
601,nm0332267,2,0,0,1,0,4,0,3,0,15,0,0,1,2,0,2,2,1,0,0,3,0,0,16,2014.0,1562.0,88.0
602,nm0332647,0,0,0,0,0,0,0,0,0,1,0,0,0,0,0,0,0,0,0,0,0,0,0,1,1999.0,130.0,168.0
603,nm0333804,1,0,0,0,0,1,0,1,0,1,0,0,0,0,0,0,0,1,0,0,1,0,0,2,1988.0,3723.0,10830.0
604,nm0335878,1,0,0,0,0,0,0,1,0,1,0,0,0,0,0,0,0,0,0,0,1,0,0,2,1969.0,70.0,88.0
605,nm0337541,0,0,0,0,0,0,0,0,0,2,0,0,0,0,0,0,0,0,0,0,0,0,0,2,1975.0,767.0,15.0
606,nm0341737,1,0,0,0,2,6,1,3,0,8,1,0,0,0,0,0,1,6,0,1,2,0,0,13,2004.0,31048.0,4931.0
607,nm0343472,0,0,0,0,0,1,0,0,0,2,0,0,1,1,0,0,0,1,0,0,0,0,0,2,2014.0,5004.0,9216.0
608,nm0346306,0,0,0,0,0,1,0,1,0,1,0,0,0,1,0,0,0,0,0,0,0,0,0,2,2010.0,1926.0,252.0
609,nm0346363,0,0,0,0,0,8,0,2,0,16,0,0,0,1,0,1,3,6,0,0,2,0,0,19,2013.0,1587.0,227.0
610,nm0347069,0,0,0,0,0,3,0,0,0,5,0,0,0,0,0,0,1,3,0,0,3,0,0,6,2007.0,7040.0,9.0
611,nm0347492,0,0,0,0,0,1,0,0,0,1,0,0,0,0,0,0,0,0,0,0,0,0,0,1,2001.0,186.0,2760.0
612,nm0348274,0,0,0,0,0,0,0,0,1,1,0,0,0,0,0,0,0,0,0,0,0,0,0,1,2014.0,76.0,6919.0
613,nm0350099,0,0,0,0,0,0,0,0,1,0,0,0,0,0,0,0,0,0,0,0,0,0,0,1,2015.0,2977.0,2299.0
614,nm0350454,2,0,0,0,1,6,0,1,0,8,1,1,0,2,0,2,1,5,0,0,3,0,0,10,2008.0,80085.0,77985.0
615,nm0350785,1,0,0,0,0,4,1,4,0,4,0,0,0,0,0,0,1,1,0,0,2,0,0,8,1976.0,1012.0,36.0
616,nm0351772,0,0,0,0,0,1,0,0,0,0,0,1,0,0,1,0,0,0,0,0,1,0,0,1,1999.0,5788.0,6733.0
617,nm0352780,0,0,0,0,0,3,0,3,0,1,0,0,0,0,0,0,0,0,0,0,2,0,0,3,2010.0,3833.0,2941.0
618,nm0352858,0,0,0,0,0,0,0,0,1,1,0,0,0,1,0,0,0,0,0,0,0,0,0,1,2008.0,341.0,256.0
619,nm0354024,0,0,0,0,0,0,0,1,0,1,0,0,0,0,1,0,1,0,1,0,2,0,0,2,1984.0,23362.0,9694.0
620,nm0355181,1,0,0,0,0,0,0,1,0,1,0,0,0,0,0,0,0,0,0,0,0,0,0,1,1974.0,10268.0,10268.0
621,nm0356017,1,0,2,2,2,5,0,3,2,20,4,3,0,1,3,1,7,6,2,0,9,0,0,21,2014.0,84017.0,17000.0
622,nm0359321,0,0,0,0,0,1,0,0,0,1,0,0,0,0,0,0,0,0,0,0,0,0,0,1,1994.0,262.0,165.0
623,nm0359894,4,0,0,1,1,5,0,5,0,13,0,0,2,2,0,0,2,1,0,0,2,0,1,18,1974.0,250.0,127.0
624,nm0360528,0,0,0,0,0,0,0,0,0,0,0,0,0,0,0,0,0,0,0,0,0,0,0,1,1982.0,8.0,58.0
625,nm0361975,1,0,0,1,0,0,0,1,0,0,0,0,0,0,0,0,0,0,0,0,1,0,0,1,1974.0,1909.0,1909.0
626,nm0362854,0,0,0,0,0,3,0,0,0,5,0,0,0,0,0,0,0,3,0,0,0,0,0,5,1998.0,860.0,776.0
627,nm0363652,1,0,0,1,1,0,0,1,0,1,0,0,0,0,0,0,0,0,0,0,1,0,0,1,2007.0,22271.0,2429.0
628,nm0369201,0,0,0,0,0,2,0,1,0,3,0,0,0,0,0,0,0,2,0,0,0,0,0,5,1970.0,686.0,147.0
629,nm0370892,0,0,0,0,0,0,0,1,0,1,0,0,0,0,0,0,0,0,0,0,1,0,0,1,2008.0,6510.0,13251.0
630,nm0371684,1,0,0,0,0,0,0,0,0,0,0,0,0,0,1,0,0,0,1,0,0,0,0,1,1994.0,3923.0,10758.0
631,nm0371891,0,0,1,0,0,4,0,1,0,4,0,0,0,1,0,0,0,1,0,0,0,0,0,6,2007.0,3784.0,397.0
632,nm0372366,0,0,0,0,0,2,0,3,0,4,0,0,0,0,1,0,2,0,0,0,2,0,0,5,2014.0,21679.0,6728.0
633,nm0373571,0,0,0,0,0,4,0,2,0,1,0,0,0,0,0,0,2,1,0,0,0,0,0,5,2006.0,58270.0,3253.0
634,nm0376101,1,0,0,1,0,2,0,3,0,9,0,1,1,1,3,1,5,1,0,0,5,0,0,11,1976.0,16894.0,1277.0
635,nm0377750,0,0,0,0,0,1,0,1,0,3,0,0,0,0,0,1,0,0,1,0,1,0,0,3,1976.0,15715.0,24419.0
636,nm0378660,1,0,0,1,0,8,0,1,0,0,1,0,0,0,0,0,0,0,3,0,0,0,3,8,2005.0,15241.0,13974.0
637,nm0378932,1,0,0,1,0,6,0,2,1,7,1,1,0,0,3,0,2,3,1,0,2,0,0,12,2011.0,8232.0,1731.0
638,nm0380628,0,0,0,0,0,2,0,0,0,0,0,0,0,0,0,0,0,0,0,0,0,0,0,2,1982.0,30050.0,6617.0
639,nm0381116,0,0,1,0,0,1,0,0,0,1,0,0,0,0,0,0,0,0,0,0,0,0,0,1,2012.0,1586.0,1586.0
640,nm0382942,0,0,0,0,0,0,0,0,0,0,0,0,0,0,1,0,0,0,0,0,0,0,0,1,1973.0,2415.0,2415.0
641,nm0384722,0,0,1,1,0,1,0,0,0,0,1,1,0,0,0,0,0,0,0,0,0,0,0,1,2020.0,23314.0,37928.0
642,nm0385644,0,0,0,1,0,4,0,0,0,2,2,1,0,0,0,0,0,1,0,0,0,0,0,4,2009.0,36433.0,9008.0
643,nm0393661,0,0,0,0,0,0,0,0,0,1,1,0,0,0,0,0,0,0,0,0,0,0,0,1,1972.0,5041.0,24083.0
644,nm0394502,0,0,0,0,0,0,0,0,1,2,0,1,0,0,0,0,0,0,0,0,0,0,0,3,1999.0,24.0,96.0
645,nm0396136,4,0,0,7,3,5,0,18,0,30,0,0,3,6,1,2,5,8,0,0,11,0,1,43,1968.0,749.0,594.0
646,nm0396884,0,0,0,0,0,0,0,0,0,0,0,0,0,0,1,0,0,0,0,0,1,0,0,1,1977.0,40802.0,11601.0
647,nm0397171,5,0,0,6,2,4,0,1,0,8,1,3,0,1,0,1,2,2,3,0,5,0,0,13,2014.0,234358.0,1439.0
648,nm0399088,1,0,0,0,0,7,0,1,0,5,0,0,0,0,0,0,0,3,0,1,0,0,0,8,2013.0,13193.0,898.0
649,nm0399737,0,0,0,0,0,1,1,0,0,0,0,1,0,0,0,0,0,0,0,0,0,0,0,1,1996.0,14905.0,16595.0
650,nm0401247,0,0,0,0,0,0,0,0,3,0,0,0,0,0,0,0,0,0,0,0,0,0,0,3,1987.0,317.0,680.0
651,nm0404067,0,0,0,0,0,0,0,0,0,0,0,0,0,0,0,0,0,0,0,0,0,0,0,1,1999.0,19.0,3928.0
652,nm0404091,1,0,0,0,2,7,0,3,0,12,0,0,0,0,0,0,0,6,0,0,1,0,0,17,1984.0,3142.0,678.0
653,nm0405578,0,0,0,0,0,0,0,0,1,0,0,0,0,0,0,0,0,0,0,0,0,0,0,1,2019.0,11.0,236.0
654,nm0405683,0,0,0,1,0,0,0,0,0,2,0,0,0,0,0,0,0,0,0,0,0,0,1,2,1974.0,186.0,61.0
655,nm0408127,0,0,0,0,0,0,0,0,1,0,0,0,0,1,0,0,0,0,0,0,0,0,0,1,2003.0,53.0,32.0
656,nm0409561,0,0,0,1,0,2,0,0,0,3,0,0,0,0,0,0,0,3,0,0,0,0,0,3,1984.0,905.0,1952.0
657,nm0411631,1,0,0,0,0,2,0,0,0,3,0,0,0,0,0,0,0,1,0,0,1,0,0,3,1980.0,2478.0,9227.0
658,nm0412235,0,0,0,0,0,0,0,0,0,1,0,0,0,0,0,0,0,0,0,0,0,0,0,1,1986.0,31.0,380.0
659,nm0415245,0,0,0,0,0,0,0,0,0,1,0,0,0,0,0,0,0,0,0,0,0,0,0,1,1979.0,372.0,1114.0
660,nm0418450,0,0,1,1,0,21,0,0,0,23,2,0,1,1,0,2,0,2,0,0,0,0,0,25,2013.0,1507.0,4177.0
661,nm0418470,0,0,0,0,0,4,0,0,1,6,0,0,0,0,0,0,0,1,0,0,0,0,0,7,2003.0,620.0,135.0
662,nm0419389,0,0,0,0,0,1,0,0,0,0,0,0,0,0,0,0,0,0,0,0,0,0,0,1,2010.0,20.0,20.0
663,nm0419894,0,0,1,1,0,8,0,3,0,4,1,0,0,0,0,0,1,0,0,0,2,0,0,12,2013.0,752.0,1544.0
664,nm0420383,0,0,0,2,0,4,0,2,0,1,1,1,0,0,0,1,2,0,1,0,1,0,0,5,1964.0,14122.0,3744.0
665,nm0423428,0,0,0,0,1,0,0,0,0,1,0,0,0,0,0,1,0,0,0,0,0,0,0,1,2021.0,1606.0,1873.0
666,nm0423524,1,0,0,2,0,0,0,0,0,2,0,1,0,0,0,0,0,0,0,0,0,0,1,2,1972.0,41087.0,16483.0
667,nm0427136,0,0,0,0,0,1,0,0,0,1,0,0,0,0,0,0,0,0,1,0,0,0,0,2,1982.0,3391.0,465.0
668,nm0428618,1,0,0,0,0,0,0,1,0,1,0,0,0,0,0,0,0,1,0,0,0,0,1,2,1970.0,2916.0,19989.0
669,nm0430107,5,0,0,3,2,1,0,2,0,9,0,0,2,1,0,0,0,2,3,3,3,0,0,11,2017.0,189249.0,98894.0
670,nm0430629,1,0,0,0,1,0,0,1,0,7,0,0,0,0,1,0,0,3,0,0,2,0,0,7,2009.0,1037.0,23.0
671,nm0431221,1,0,0,0,0,1,0,0,0,4,0,1,0,0,1,0,0,0,0,0,1,0,0,6,2012.0,1327.0,712.0
672,nm0431918,0,0,6,3,0,6,0,0,0,0,0,0,0,0,0,0,0,0,3,0,0,0,0,6,2009.0,37684.0,151468.0
673,nm0431956,0,0,0,0,0,9,0,1,0,1,0,0,0,0,0,0,2,0,2,0,0,0,0,9,2011.0,4229.0,2610.0
674,nm0432040,0,0,0,2,0,30,1,3,0,16,2,2,2,1,0,4,0,3,0,0,1,0,0,35,1999.0,3086.0,999.0
675,nm0432380,0,0,0,0,1,1,0,0,1,3,0,2,0,0,0,0,0,2,0,0,0,0,0,4,2012.0,18001.0,23359.0
676,nm0432601,5,0,0,1,0,0,0,1,0,7,0,1,1,1,0,0,2,2,0,0,4,0,0,7,2013.0,8563.0,1110.0
677,nm0433267,0,0,0,0,0,0,0,0,0,1,0,0,0,0,0,0,0,0,0,0,0,0,0,1,1963.0,394.0,1373.0
678,nm0434806,0,0,0,0,1,3,0,0,0,8,1,0,0,1,0,0,0,1,0,0,1,0,0,8,2018.0,1872.0,1294.0
679,nm0435677,1,0,0,0,0,0,0,2,0,1,0,0,0,0,1,0,0,2,1,0,0,0,0,2,1980.0,9926.0,1216.0
680,nm0435726,2,0,0,1,0,9,1,12,0,24,0,0,0,2,0,1,3,8,2,0,6,0,0,33,1981.0,1334.0,10.0
681,nm0436687,0,0,0,1,0,2,1,0,0,1,0,0,0,0,0,0,0,0,0,0,0,0,0,3,1978.0,651.0,84.0
682,nm0439344,0,0,0,2,0,10,0,4,0,21,0,2,2,1,0,1,4,5,2,0,3,0,0,26,1970.0,7014.0,127.0
683,nm0439739,0,0,2,2,0,2,0,0,0,0,2,1,0,0,0,1,0,0,0,0,0,0,0,2,1997.0,52392.0,6211.0
684,nm0439748,0,0,0,0,0,3,0,0,0,1,0,0,0,0,0,0,0,0,0,0,0,0,0,3,1997.0,993.0,477.0
685,nm0440860,0,0,0,0,1,0,0,0,0,1,0,0,0,0,0,0,1,0,0,0,0,0,0,1,2011.0,25192.0,25192.0
686,nm0440913,4,0,0,0,1,9,0,7,0,18,0,0,1,2,0,0,3,4,0,1,7,0,0,23,2011.0,40132.0,71852.0
687,nm0441526,36,0,0,28,1,0,0,0,0,36,0,0,0,4,0,0,0,0,0,0,0,0,0,36,1968.0,2052.0,1590.0
688,nm0442207,0,0,0,0,0,1,0,0,0,0,0,1,0,0,1,0,0,0,0,0,1,0,0,1,1999.0,5788.0,10444.0
689,nm0442905,0,0,0,0,0,0,0,0,0,1,0,0,0,0,0,0,0,0,0,0,0,0,0,1,2003.0,1854.0,3508.0
690,nm0443855,0,0,2,2,0,2,0,0,0,0,2,2,0,0,0,0,0,0,0,0,0,0,0,2,2020.0,25839.0,25839.0
691,nm0444244,0,0,0,0,0,1,0,0,0,2,0,0,0,0,0,0,0,0,0,0,0,0,0,2,1986.0,184.0,31199.0
692,nm0444248,0,0,0,0,0,2,0,2,0,11,0,0,0,0,1,0,0,7,0,0,2,0,0,11,2013.0,16472.0,40.0
693,nm0446622,0,0,0,0,1,1,1,0,0,2,0,0,0,1,0,2,0,1,0,0,0,0,0,2,2020.0,29811.0,2069.0
694,nm0447695,4,0,4,6,0,21,1,6,0,13,5,6,0,0,0,7,3,11,1,0,5,0,0,27,2016.0,128422.0,57355.0
695,nm0449466,0,0,0,0,0,1,0,1,0,0,0,0,0,0,0,0,1,0,0,0,0,0,0,1,2001.0,115459.0,1544.0
696,nm0451076,0,0,0,0,0,0,0,0,0,0,0,0,0,0,1,0,1,0,0,0,1,0,0,1,2003.0,80061.0,27938.0
697,nm0452161,0,0,0,1,1,32,0,7,0,31,0,1,1,1,0,0,5,12,1,0,4,0,0,44,2009.0,1817.0,505.0
698,nm0452298,0,0,0,0,1,0,0,0,1,0,0,0,0,0,0,0,0,0,0,0,0,1,0,1,2017.0,1177.0,1177.0
699,nm0455394,0,0,0,0,0,0,0,0,0,0,0,0,0,0,1,0,1,0,1,0,1,0,0,1,1977.0,3392.0,4038.0
700,nm0461498,2,0,2,4,1,2,1,1,0,6,2,2,0,1,0,4,0,2,1,0,1,0,0,8,2010.0,96707.0,7155.0
701,nm0466349,0,0,0,0,0,0,0,0,1,0,0,0,0,0,0,0,0,0,0,0,0,0,0,1,2002.0,167.0,90328.0
702,nm0469103,3,0,0,1,1,1,0,2,0,6,0,1,0,1,0,1,0,3,0,0,3,0,0,9,1992.0,21647.0,3463.0
703,nm0469650,0,0,0,0,0,0,0,0,0,1,0,0,0,0,0,0,0,1,0,0,0,0,0,1,1998.0,2349.0,57.0
704,nm0469823,0,0,0,0,0,4,0,1,0,2,0,1,0,0,2,0,3,2,0,0,3,0,0,7,2015.0,72715.0,18406.0
705,nm0470514,1,0,0,0,0,0,0,0,0,2,0,0,0,1,0,1,0,0,0,0,1,0,0,2,1999.0,4885.0,1666.0
706,nm0476201,0,0,0,0,0,0,0,0,1,0,0,0,0,0,0,0,0,0,0,0,0,0,0,1,2022.0,1506.0,92287.0
707,nm0478418,0,0,0,0,0,1,0,0,0,1,0,0,0,0,0,0,0,1,0,0,0,0,0,1,1996.0,1496.0,1800.0
708,nm0479721,0,0,0,0,0,0,0,0,2,0,0,0,0,0,0,0,0,0,0,0,0,0,0,2,2009.0,6254.0,889.0
709,nm0479745,0,0,0,0,0,1,0,0,0,1,0,1,0,0,0,0,0,0,0,0,0,0,0,1,2007.0,3250.0,243.0
710,nm0479807,0,0,0,0,0,2,0,0,0,1,0,0,0,0,1,1,0,0,0,0,0,0,0,2,1998.0,40.0,267.0
711,nm0480850,3,0,2,1,0,18,0,5,0,19,3,0,1,1,0,0,1,5,0,0,6,0,0,26,2017.0,5582.0,2009.0
712,nm0481415,0,0,0,0,0,0,0,0,0,1,0,0,0,0,0,0,0,0,0,0,0,0,0,1,1972.0,43.0,28.0
713,nm0483776,0,0,0,1,0,9,0,1,0,5,1,0,1,0,1,0,0,1,0,0,2,0,0,12,1992.0,235.0,143.0
714,nm0483812,0,0,0,0,0,3,0,1,0,1,0,0,0,0,0,0,0,0,0,0,0,0,0,3,1976.0,104.0,1294.0
715,nm0485273,1,0,0,1,0,1,0,1,0,0,0,0,0,0,0,0,0,0,0,0,0,0,1,2,1992.0,3224.0,1355.0
716,nm0485878,1,0,0,0,0,0,0,0,0,0,0,0,0,0,0,0,0,0,0,0,1,0,0,1,1982.0,1043.0,4770.0
717,nm0486188,0,0,0,0,0,2,0,0,0,0,0,0,0,0,0,0,0,0,0,0,0,0,0,2,2012.0,16.0,76.0
718,nm0486627,0,0,0,0,0,1,0,0,0,5,0,0,0,1,0,0,0,2,0,0,0,0,0,5,1991.0,171.0,17198.0
719,nm0488645,0,0,0,0,0,3,0,0,0,2,0,0,0,0,0,0,0,1,0,0,0,0,0,3,1997.0,450.0,135.0
720,nm0488953,8,0,0,7,2,7,0,4,1,10,1,4,0,1,0,0,1,1,5,0,2,0,0,19,2016.0,218979.0,21121.0
721,nm0490702,0,0,0,0,0,14,0,0,0,4,0,0,0,0,2,0,0,3,0,1,0,0,0,14,2011.0,7204.0,640.0
722,nm0490871,2,0,0,1,0,0,0,0,0,2,0,0,0,0,0,0,0,0,0,0,1,0,1,2,1969.0,4848.0,4848.0
723,nm0491021,1,0,0,0,0,7,1,1,0,17,0,2,0,0,0,1,2,2,0,0,3,0,0,19,1980.0,1134.0,131.0
724,nm0491259,3,0,0,3,1,11,0,3,0,23,3,1,2,4,1,2,3,7,1,0,10,0,0,31,2013.0,80386.0,6089.0
725,nm0493257,1,0,0,2,1,1,0,1,0,4,0,2,0,1,0,0,0,1,0,0,1,0,0,5,2018.0,47430.0,17726.0
726,nm0494066,1,0,0,0,1,2,0,2,1,12,0,0,0,0,0,1,0,4,0,0,2,0,0,13,2007.0,1658.0,105.0
727,nm0494069,0,0,0,0,1,5,0,1,0,8,0,0,0,1,1,0,2,1,0,0,2,0,0,10,2014.0,9904.0,7996.0
728,nm0494383,0,0,0,0,0,0,0,0,0,1,0,0,0,0,0,0,0,0,0,0,0,0,0,1,1961.0,8.0,90.0
729,nm0494504,0,0,0,0,0,5,0,1,0,7,0,0,0,0,0,1,1,2,1,0,0,0,0,9,2010.0,108302.0,675.0
730,nm0496172,0,0,0,0,0,0,0,0,1,1,0,0,0,0,0,0,0,1,0,0,0,0,0,2,2002.0,196.0,13.0
731,nm0497631,7,0,0,1,0,1,0,3,0,6,0,0,1,1,0,0,1,0,0,0,6,0,0,8,2014.0,10232.0,6349.0
732,nm0500976,6,0,0,3,2,17,0,10,0,23,4,2,0,1,1,0,2,6,1,0,13,0,0,36,2015.0,5601.0,6148.0
733,nm0500977,0,0,0,0,0,2,0,0,0,1,1,0,0,0,0,1,0,1,0,0,0,0,0,2,2016.0,264.0,541.0
734,nm0500988,0,0,0,0,0,0,0,0,2,0,0,0,0,0,0,0,0,0,0,0,0,0,0,2,2011.0,58.0,1234.0
735,nm0501085,0,0,0,0,0,0,0,0,0,0,0,1,0,0,1,0,0,0,1,0,0,0,0,2,1988.0,1031.0,11.0
736,nm0501185,0,0,0,0,0,0,0,0,0,1,0,0,1,0,0,0,0,0,0,0,0,0,0,1,1978.0,3646.0,42176.0
737,nm0501256,0,0,1,1,1,17,0,0,0,6,2,1,0,0,0,1,0,2,0,0,0,0,0,18,2009.0,3825.0,1593.0
738,nm0501435,0,0,0,0,0,0,0,0,0,1,0,0,0,0,1,0,0,0,0,0,1,0,0,1,1992.0,104453.0,23372.0
739,nm0501471,0,0,0,0,0,0,0,2,0,5,0,1,0,0,0,0,0,0,0,0,2,0,0,6,1969.0,129.0,66.0
740,nm0502133,0,0,0,0,0,0,0,1,0,1,0,0,0,0,0,0,0,0,0,0,1,0,0,1,1998.0,26589.0,769.0
741,nm0502412,0,0,0,0,0,5,0,1,0,5,1,2,0,0,0,0,0,2,0,0,1,0,0,7,2018.0,14190.0,1840.0
742,nm0503215,0,0,0,0,0,3,0,0,0,4,0,1,0,0,0,0,0,0,1,0,0,0,0,4,2010.0,1249.0,1994.0
743,nm0504267,1,0,0,0,1,3,0,4,0,20,0,0,0,1,0,0,1,5,0,1,3,0,0,21,2009.0,855.0,6587.0
744,nm0504641,0,0,0,0,0,0,0,0,1,0,0,0,0,0,0,0,0,0,0,0,0,0,0,1,2010.0,26.0,296.0
745,nm0506165,0,0,0,0,0,0,0,0,0,0,0,0,0,0,1,0,0,0,0,0,1,0,0,1,2004.0,2820.0,23910.0
746,nm0506374,0,0,0,0,0,0,0,0,0,1,0,0,0,0,0,0,0,1,0,0,0,0,0,1,2001.0,1283.0,3772.0
747,nm0506405,2,0,1,3,0,13,0,4,0,3,2,2,0,0,0,1,0,3,1,1,0,0,0,13,2002.0,55709.0,5660.0
748,nm0506576,0,0,0,0,0,1,0,0,0,1,0,0,0,0,0,0,0,0,0,0,0,0,0,1,1996.0,19.0,19.0
749,nm0507913,0,0,0,0,0,0,0,0,0,1,0,0,1,1,0,0,0,0,0,0,0,0,0,1,2005.0,244.0,606.0
750,nm0508293,3,0,0,4,0,35,0,10,0,13,2,2,1,0,0,0,3,7,0,0,5,0,0,43,2001.0,2535.0,510.0
751,nm0508357,0,0,0,0,0,1,1,0,0,1,0,0,0,0,0,1,0,0,0,0,0,0,0,1,2002.0,161.0,161.0
752,nm0509033,0,0,0,0,0,0,0,1,0,1,0,0,1,0,0,0,0,0,0,0,0,0,0,1,1983.0,2180.0,47939.0
753,nm0511727,0,0,0,0,1,1,0,0,1,0,0,0,0,0,0,0,0,0,0,0,0,0,0,1,1983.0,58.0,65.0
754,nm0515706,0,0,0,0,0,0,0,0,0,1,0,0,0,0,0,0,0,0,0,0,0,0,0,1,1975.0,6.0,12.0
755,nm0516800,5,0,0,3,0,3,0,3,0,6,0,0,0,0,3,0,0,2,1,0,4,0,1,10,1976.0,23836.0,1572.0
756,nm0517056,0,0,0,0,0,0,0,1,0,1,0,0,0,0,0,0,0,0,0,0,0,0,0,1,1970.0,6187.0,6187.0
757,nm0518027,0,0,0,0,0,0,0,0,0,1,0,0,0,0,0,0,0,0,0,0,0,0,0,1,2014.0,21.0,58.0
758,nm0518154,0,0,0,0,0,1,0,0,0,1,0,0,0,0,0,0,0,0,0,0,0,0,0,2,2004.0,58.0,70.0
759,nm0518579,0,0,0,0,0,1,0,1,0,2,0,0,0,1,0,0,0,0,0,0,1,0,0,3,1973.0,3770.0,1660.0
760,nm0519043,1,0,2,3,0,13,0,1,0,7,2,1,0,0,7,0,5,7,3,0,8,0,0,21,2012.0,76296.0,2457.0
761,nm0519456,4,0,0,1,0,5,0,3,0,3,1,2,0,0,0,1,0,4,0,0,2,0,0,8,2013.0,32270.0,18952.0
762,nm0520317,0,0,0,0,0,2,0,0,0,2,0,0,0,0,0,0,0,0,0,0,0,0,0,2,2022.0,392.0,649.0
763,nm0521974,0,0,0,0,0,1,0,0,0,1,0,0,0,0,0,1,0,1,0,0,0,0,0,1,2000.0,193821.0,8997.0
764,nm0522151,0,0,0,0,0,1,0,0,0,1,0,0,0,0,0,0,0,1,0,0,0,0,0,1,2015.0,835.0,835.0
765,nm0526019,4,0,1,3,1,4,0,3,0,10,1,1,0,1,1,1,2,3,1,1,5,0,1,12,2010.0,102954.0,1300.0
766,nm0526815,0,0,0,0,0,0,0,0,1,0,0,0,0,0,0,0,0,0,0,0,0,0,0,1,1971.0,36.0,67.0
767,nm0526946,0,0,0,0,0,0,0,0,0,1,0,0,0,0,1,0,0,0,0,0,0,0,1,2,1974.0,6200.0,6035.0
768,nm0527852,0,0,0,0,2,15,0,1,0,23,0,0,0,3,0,1,0,8,0,0,0,0,0,26,2015.0,1758.0,888.0
769,nm0529616,0,0,0,0,0,1,0,0,0,3,0,0,0,0,0,0,0,0,0,0,0,0,0,3,2006.0,27.0,46.0
770,nm0529619,0,0,0,0,0,0,0,0,0,1,0,0,0,0,0,0,0,0,0,0,0,0,0,1,2006.0,18.0,24.0
771,nm0530031,0,0,0,0,0,1,0,1,0,1,0,0,0,0,0,0,0,0,0,0,0,0,0,1,2017.0,140.0,140.0
772,nm0530423,0,0,0,0,0,0,0,0,0,1,0,0,0,0,0,0,0,0,0,0,0,0,0,1,2007.0,21.0,21.0
773,nm0531195,0,0,0,1,2,22,0,1,0,22,1,0,0,2,0,1,0,9,0,0,1,0,0,28,2017.0,2174.0,115.0
774,nm0532235,0,0,1,0,0,4,0,0,0,0,1,2,0,0,0,1,0,0,0,0,0,0,1,4,2014.0,331356.0,374948.0
775,nm0537611,0,0,0,0,0,0,0,0,0,1,0,0,0,0,0,1,0,1,0,0,0,0,0,1,1997.0,2507.0,26.0
776,nm0537646,0,0,0,0,0,2,0,0,0,0,0,0,0,0,0,0,0,0,0,0,0,0,0,2,1996.0,93.0,14.0
777,nm0539022,0,0,0,2,1,6,0,4,0,13,0,0,1,2,0,2,4,5,0,0,3,0,0,17,1989.0,595.0,81.0
778,nm0540075,0,0,0,0,0,1,0,0,0,1,0,1,0,0,0,0,0,0,1,0,0,0,0,1,1996.0,19110.0,19110.0
779,nm0540330,1,0,0,1,0,0,0,0,0,1,1,0,0,0,0,0,0,1,0,1,0,0,0,1,1986.0,102925.0,27904.0
780,nm0540962,0,0,1,1,0,0,0,0,0,1,0,1,0,0,0,0,0,1,0,0,0,0,0,1,2013.0,7709.0,4390.0
781,nm0545356,1,0,0,0,0,3,0,5,0,6,0,0,0,0,0,0,0,0,0,1,4,0,0,9,2012.0,1677.0,7280.0
782,nm0545876,0,0,0,0,0,0,0,0,0,1,0,0,0,0,0,0,0,0,0,0,0,0,0,1,2002.0,278.0,542.0
783,nm0546753,0,0,0,0,0,0,0,0,1,0,0,0,0,0,0,0,0,0,0,0,0,0,0,1,2011.0,71.0,120.0
784,nm0547800,0,0,0,0,0,2,0,0,0,1,0,0,0,0,1,0,1,0,0,0,1,0,0,2,2018.0,4620.0,12058.0
785,nm0548449,1,0,0,0,0,0,0,0,0,1,0,0,0,0,0,0,0,0,0,0,0,0,1,1,1969.0,3414.0,1333.0
786,nm0548686,0,0,0,1,1,0,0,1,0,4,0,1,2,2,1,0,0,0,0,0,0,0,0,4,2014.0,14366.0,3082.0
787,nm0549650,0,0,0,0,0,3,0,0,0,5,0,0,1,0,0,0,0,0,0,0,1,0,0,7,1964.0,164.0,1952.0
788,nm0550341,1,0,0,0,0,2,0,1,0,5,0,0,0,0,0,0,0,0,0,0,1,0,0,6,1996.0,201.0,63.0
789,nm0551082,0,0,0,1,0,1,0,0,0,0,0,0,0,0,0,0,0,0,0,0,1,0,0,1,1981.0,4884.0,4884.0
790,nm0551217,0,0,0,0,0,5,0,0,0,5,0,1,0,0,0,0,0,1,1,0,0,0,0,6,1990.0,88.0,1178.0
791,nm0551761,0,0,1,0,0,2,0,2,0,5,0,0,1,0,0,0,0,2,0,0,1,0,0,6,1986.0,1599.0,11.0
792,nm0552121,4,0,0,0,0,3,0,4,0,3,0,1,0,0,0,0,0,0,0,0,2,0,1,5,1973.0,3830.0,7047.0
793,nm0553237,0,0,0,0,0,7,1,0,0,0,0,1,0,0,0,0,0,3,0,0,0,0,0,7,2011.0,1173.0,2281.0
794,nm0557540,0,0,0,0,0,1,0,0,0,1,0,0,0,0,0,0,0,0,0,0,0,0,0,1,1962.0,1140.0,13.0
795,nm0557751,0,0,0,0,0,0,0,0,0,0,0,0,0,0,1,0,1,0,1,0,1,0,0,1,1975.0,20401.0,3476.0
796,nm0561938,0,0,0,0,0,1,0,0,0,0,0,0,0,0,0,0,0,1,0,0,0,0,0,1,1971.0,8037.0,7372.0
797,nm0563039,1,0,0,0,1,2,0,1,0,2,0,0,0,1,0,0,1,0,0,0,1,0,0,3,1983.0,16861.0,6722.0
798,nm0563440,0,0,0,0,0,1,0,0,1,1,0,0,0,0,0,0,0,0,0,0,0,0,0,2,2010.0,189.0,369.0
799,nm0563740,1,0,1,0,1,9,0,2,0,11,0,0,0,0,0,0,0,2,0,0,2,0,0,17,2013.0,1210.0,70.0
800,nm0569790,0,0,0,0,0,1,0,0,0,0,0,0,0,0,0,0,0,0,0,0,0,0,0,1,2000.0,2203.0,19830.0
801,nm0569891,1,0,1,1,0,1,0,0,0,0,1,0,0,0,0,0,0,0,0,0,0,0,0,1,2014.0,107526.0,232560.0
802,nm0575609,0,0,0,0,0,0,0,0,0,1,0,0,0,0,0,0,0,1,0,0,0,0,0,1,1994.0,142.0,12.0
803,nm0577102,0,0,0,0,0,0,0,0,1,0,0,0,0,0,0,0,0,0,0,0,0,0,0,1,2003.0,19.0,19.0
804,nm0577396,0,0,0,0,0,1,0,0,0,1,0,0,0,0,0,0,0,1,0,0,0,0,0,1,1992.0,4224.0,1380.0
805,nm0580101,1,0,0,0,0,33,1,1,0,19,1,1,0,0,0,4,0,8,1,0,2,0,0,39,2012.0,5397.0,859.0
806,nm0580351,0,0,0,0,0,3,0,0,0,1,1,1,0,0,0,0,0,2,0,0,0,0,0,3,2013.0,40947.0,57324.0
807,nm0580698,0,0,0,0,0,1,0,0,0,1,0,0,0,0,0,0,0,0,0,0,0,0,0,1,2017.0,233.0,1185.0
808,nm0582939,0,0,0,0,0,3,0,1,0,0,0,0,0,0,0,0,0,0,0,0,0,0,0,3,2009.0,102743.0,2573.0
809,nm0583939,0,0,1,1,0,0,0,0,0,1,0,0,0,0,0,0,0,0,0,0,0,0,0,1,2021.0,630.0,630.0
810,nm0587271,0,0,0,0,0,2,0,0,0,0,1,0,0,0,0,0,0,1,0,0,0,0,0,2,2010.0,13.0,8.0
811,nm0587791,0,0,0,0,0,5,0,1,0,5,0,1,0,0,1,0,1,0,0,0,1,0,0,8,2009.0,3646.0,546.0
812,nm0589182,0,0,0,0,0,0,0,1,0,1,0,0,0,0,0,0,1,0,0,0,1,0,0,1,1992.0,8579.0,10914.0
813,nm0592135,1,0,1,2,2,3,0,0,0,1,2,1,0,1,0,1,0,0,0,0,0,0,0,4,2020.0,72286.0,123742.0
814,nm0593314,0,0,0,0,0,0,0,0,1,0,0,0,0,1,0,0,0,0,0,0,0,0,0,1,2022.0,1611.0,1611.0
815,nm0593463,1,0,0,0,0,1,0,1,0,2,0,0,0,0,0,1,0,0,0,0,0,0,0,2,1994.0,20760.0,34739.0
816,nm0594158,0,0,1,0,0,0,0,0,1,1,1,1,0,0,0,0,0,0,0,0,0,0,0,3,1986.0,62.0,55.0
817,nm0594746,0,0,0,0,0,1,0,0,5,3,0,0,1,0,1,0,0,0,0,0,0,0,0,7,1992.0,731.0,103.0
818,nm0594856,0,0,0,0,0,4,0,0,0,2,0,0,0,0,0,0,0,1,0,0,1,0,0,4,2006.0,475.0,274.0
819,nm0594956,0,0,0,0,1,10,0,0,0,8,0,1,1,1,1,1,0,5,0,0,0,0,0,14,2017.0,1714.0,520.0
820,nm0596701,0,0,0,0,0,0,0,1,0,0,0,0,0,0,6,0,1,0,0,0,1,0,0,6,1976.0,1389.0,1155.0
821,nm0597816,4,0,1,4,0,16,0,6,0,12,2,0,4,3,0,0,0,3,0,0,3,0,0,27,1971.0,872.0,72.0
822,nm0601376,1,0,0,0,0,1,0,1,0,2,0,0,0,0,2,0,2,0,0,0,4,0,0,4,2009.0,40914.0,3976.0
823,nm0601800,0,0,0,0,0,1,0,0,0,1,0,0,0,0,0,0,0,1,0,0,0,0,0,1,1970.0,1074.0,16947.0
824,nm0602181,0,0,0,0,0,0,0,0,0,1,0,0,0,0,0,0,0,1,0,0,0,0,0,1,1965.0,796.0,18.0
825,nm0602941,2,0,0,0,0,1,0,2,0,1,0,1,0,0,1,0,0,0,0,0,1,0,0,4,2012.0,167526.0,1514.0
826,nm0603090,1,0,0,0,1,9,0,3,0,18,1,0,0,0,0,0,0,7,0,0,1,0,0,19,2000.0,4389.0,404.0
827,nm0603287,0,0,0,0,2,0,0,0,3,3,0,0,0,0,0,0,0,1,0,0,0,0,0,4,1988.0,30.0,40.0
828,nm0603402,0,0,0,2,1,11,0,6,0,37,0,1,4,5,0,0,2,18,1,0,2,0,2,44,1978.0,4883.0,290.0
829,nm0603446,1,0,1,0,1,11,0,2,0,14,0,0,0,2,0,0,0,1,0,0,2,0,0,19,2014.0,2871.0,417.0
830,nm0603587,0,0,0,0,0,0,0,0,0,1,0,0,0,0,0,0,0,0,0,0,0,0,0,1,1975.0,14.0,552.0
831,nm0603588,0,0,0,0,0,1,0,0,0,3,0,0,0,0,0,0,1,1,0,0,0,0,0,3,1996.0,2508.0,784.0
832,nm0604335,0,0,0,0,2,10,0,0,0,13,0,0,0,0,0,0,0,1,0,1,0,0,0,14,1997.0,5822.0,5689.0
833,nm0605971,0,0,0,0,0,2,0,0,0,2,0,0,0,1,0,0,0,1,0,0,0,0,0,2,1998.0,121.0,40.0
834,nm0606593,0,0,1,0,0,1,0,0,0,0,1,0,0,0,0,0,0,0,0,0,0,0,0,1,1977.0,40948.0,3142.0
835,nm0607558,2,0,0,1,0,1,0,1,0,3,2,0,0,0,1,0,0,0,2,0,2,0,2,6,1975.0,7402.0,1594.0
836,nm0608714,0,0,0,0,0,1,0,0,0,1,0,0,0,0,0,0,0,1,0,0,0,0,0,1,1997.0,145840.0,102609.0
837,nm0609549,0,0,0,0,0,1,0,0,0,1,0,0,0,0,0,0,0,0,0,0,0,0,0,1,1998.0,28989.0,200715.0
838,nm0609741,0,0,0,1,0,1,0,1,0,2,0,0,0,0,0,0,0,0,0,0,0,0,0,3,1998.0,106.0,148.0
839,nm0609981,0,0,0,0,0,7,0,0,0,1,0,0,0,0,0,1,0,5,0,0,0,0,0,7,2007.0,1149.0,1523.0
840,nm0611932,2,0,0,1,1,4,0,7,0,13,0,0,0,0,1,0,3,6,0,0,8,0,1,17,2009.0,12984.0,13291.0
841,nm0612786,1,0,0,0,0,0,0,0,0,1,0,0,0,0,0,0,0,0,0,0,1,0,0,1,1977.0,1743.0,3847.0
842,nm0614916,1,0,0,0,0,0,0,0,0,1,0,0,0,0,0,0,0,1,1,0,0,0,0,2,1968.0,20482.0,1262.0
843,nm0617777,0,0,1,0,0,0,0,0,0,0,0,0,0,0,0,0,0,0,0,0,0,0,0,1,2010.0,63.0,1098.0
844,nm0619605,0,0,0,0,0,0,0,0,0,1,0,0,0,0,0,0,0,0,0,0,0,0,0,2,1982.0,41.0,17.0
845,nm0620964,0,0,0,0,1,14,1,1,0,4,1,0,0,0,0,0,1,4,1,1,0,0,0,15,2010.0,2075.0,553.0
846,nm0625789,2,0,0,3,0,9,1,4,0,8,2,1,0,0,0,0,2,0,1,0,2,0,2,11,2010.0,78509.0,25240.0
847,nm0629006,1,0,0,1,0,0,0,0,0,1,0,1,0,0,0,0,0,0,0,0,0,0,0,1,2013.0,546.0,546.0
848,nm0629309,0,0,1,0,0,2,0,0,0,1,0,1,0,0,0,1,0,0,0,0,0,0,0,2,1985.0,1704.0,1084.0
849,nm0634500,1,0,0,0,0,2,0,2,0,12,0,0,0,0,0,0,1,5,0,0,1,0,0,13,2001.0,1264.0,519.0
850,nm0638115,0,0,0,0,0,1,0,0,0,0,0,0,0,0,0,0,0,1,0,0,0,0,0,1,2002.0,1272.0,6380.0
851,nm0638762,0,0,0,0,0,1,0,0,0,0,0,0,0,0,1,0,0,0,0,0,0,0,0,1,2014.0,9364.0,38333.0
852,nm0639321,0,0,0,0,0,1,0,0,0,0,0,0,0,0,0,0,0,0,1,0,0,0,0,1,1974.0,28594.0,72799.0
853,nm0640323,1,0,0,2,0,7,0,1,0,6,1,2,0,1,0,0,1,6,2,1,2,0,0,12,2003.0,58662.0,9103.0
854,nm0640334,0,0,0,0,0,1,0,0,0,1,0,0,0,0,0,0,0,0,0,0,0,0,0,1,1999.0,3722.0,150858.0
855,nm0640913,0,0,0,0,0,0,0,0,0,2,0,0,0,0,0,0,0,0,0,0,0,0,0,2,2008.0,74.0,188.0
856,nm0643130,0,0,0,0,0,1,0,0,0,1,0,0,0,0,0,0,0,0,0,0,0,0,0,1,1997.0,47.0,666.0
857,nm0644022,1,0,0,1,1,2,0,1,0,5,0,0,0,1,0,0,0,0,0,0,1,0,0,6,2014.0,109471.0,26820.0
858,nm0644147,0,0,0,0,0,2,0,0,0,0,0,0,0,0,0,0,0,0,0,0,0,0,0,2,2001.0,12.0,12.0
859,nm0644203,1,0,0,0,0,1,0,0,0,0,0,0,0,0,0,0,0,0,0,0,0,0,0,1,2002.0,49429.0,94059.0
860,nm0652225,0,0,0,0,0,0,0,0,1,1,0,0,0,0,0,0,0,0,0,0,0,0,0,1,1979.0,18.0,231.0
861,nm0654648,4,0,1,5,3,2,0,3,0,8,2,2,1,3,2,0,1,0,4,1,3,0,0,12,2017.0,48719.0,4751.0
862,nm0664243,0,0,0,0,0,2,0,0,0,9,0,0,2,2,0,0,0,2,0,0,1,0,0,9,1979.0,514.0,222.0
863,nm0664273,1,0,0,1,0,0,0,0,0,3,0,0,2,0,0,0,0,0,0,0,1,0,0,3,1966.0,3198.0,3311.0
864,nm0664896,0,0,1,1,0,0,0,0,0,1,0,0,0,0,1,0,0,0,1,0,0,0,0,1,1993.0,1653.0,3870.0
865,nm0671844,0,0,0,0,0,4,0,0,0,3,1,0,0,0,0,0,0,2,0,0,0,0,0,5,2002.0,699.0,1004.0
866,nm0671862,0,0,0,1,0,0,0,0,0,0,0,0,0,0,0,0,0,0,0,0,0,0,0,1,1965.0,15.0,4276.0
867,nm0672769,0,0,0,0,0,1,0,0,0,0,0,0,0,0,0,0,0,1,1,0,0,0,0,1,1985.0,38802.0,9124.0
868,nm0674020,0,0,0,0,0,1,0,0,0,0,0,1,0,0,1,1,0,0,0,0,0,0,0,1,2004.0,6204.0,78070.0
869,nm0674735,0,0,1,1,1,8,1,0,0,3,1,0,0,1,0,1,0,0,0,0,0,0,0,11,1982.0,221.0,82.0
870,nm0674742,1,0,0,3,0,9,2,7,6,30,0,2,7,5,1,2,2,10,0,0,3,0,0,38,1978.0,2004.0,6136.0
871,nm0681207,0,0,0,0,0,0,0,0,0,2,0,1,0,0,0,0,0,1,0,0,0,0,0,2,1985.0,5668.0,2970.0
872,nm0681401,1,0,0,1,0,3,0,1,0,4,0,1,0,0,0,1,0,0,0,0,0,0,0,5,2018.0,904.0,779.0
873,nm0681458,0,0,0,0,0,0,0,0,0,1,0,0,0,0,0,0,0,0,0,0,0,0,0,1,1967.0,29.0,125.0
874,nm0681566,4,0,1,1,0,23,1,14,2,74,3,2,4,5,2,2,4,19,4,1,14,0,1,88,1981.0,2754.0,64.0
875,nm0683012,0,0,0,2,0,0,0,0,0,1,0,0,0,0,0,0,0,2,0,0,0,0,0,3,1969.0,1031.0,146.0
876,nm0684127,0,0,0,0,0,0,0,0,0,2,0,0,0,0,0,0,0,0,0,0,1,0,0,2,2002.0,2236.0,1525.0
877,nm0684877,0,0,0,1,1,2,0,1,0,3,0,0,0,0,0,0,1,1,0,0,1,0,0,4,2020.0,8187.0,1515.0
878,nm0685494,1,0,0,2,2,15,0,6,0,22,0,4,1,1,0,1,4,8,1,1,8,0,0,30,1978.0,1337.0,92.0
879,nm0685889,0,0,0,0,0,0,0,0,0,1,0,0,0,0,0,0,0,0,0,0,0,0,0,1,2013.0,12.0,20.0
880,nm0686245,0,0,0,2,0,2,0,1,0,1,0,0,0,0,0,0,0,0,0,0,0,0,0,3,1990.0,119.0,186.0
881,nm0686375,0,0,0,0,0,4,0,3,0,9,0,0,0,0,1,0,2,2,0,0,3,0,0,10,1991.0,3021.0,4548.0
882,nm0686506,1,0,0,0,0,0,0,1,0,2,0,0,0,0,0,0,0,1,0,0,1,0,0,2,1983.0,516.0,365.0
883,nm0687913,0,0,0,0,0,3,0,0,0,1,0,0,0,0,0,0,0,0,0,0,0,0,0,3,2019.0,1062.0,870.0
884,nm0688132,0,0,5,6,0,11,0,1,0,5,5,2,0,0,0,0,0,3,0,2,0,0,0,13,2013.0,135321.0,18774.0
885,nm0688143,2,0,0,4,1,40,0,2,0,31,2,3,0,3,1,1,1,7,1,2,3,0,0,50,2012.0,5382.0,44731.0
886,nm0688497,2,0,0,1,1,16,0,8,0,9,0,0,2,0,0,0,2,3,0,0,2,0,0,21,1974.0,1215.0,666.0
887,nm0689187,0,0,0,0,0,0,0,0,0,1,0,0,0,0,0,0,0,1,0,0,0,0,0,1,1999.0,5305.0,7258.0
888,nm0689554,0,0,0,0,0,0,0,0,1,0,0,0,0,0,0,0,0,0,0,0,0,0,0,1,1991.0,30.0,164.0
889,nm0689562,0,0,0,0,0,1,0,0,0,0,0,0,0,0,0,0,0,0,0,0,0,0,0,1,2000.0,24.0,24.0
890,nm0689708,0,0,0,0,0,1,0,1,0,1,0,0,0,0,0,0,0,0,0,0,1,0,0,1,2021.0,5544.0,5544.0
891,nm0689852,0,0,0,0,0,0,0,2,0,2,0,0,0,0,0,0,1,0,0,0,1,0,0,2,2009.0,19063.0,30458.0
892,nm0692652,0,0,0,0,0,0,0,0,0,0,0,0,0,0,1,0,0,0,0,0,0,0,0,1,2021.0,7203.0,7203.0
893,nm0693799,1,0,0,1,0,15,0,6,1,37,0,4,0,0,1,1,3,16,1,0,8,0,0,43,2008.0,3168.0,24.0
894,nm0693844,0,0,0,0,0,2,0,0,0,2,0,0,0,0,0,0,0,0,0,0,0,0,0,3,2009.0,124.0,16025.0
895,nm0695950,0,0,0,0,0,0,0,0,0,4,0,2,0,0,0,0,0,4,0,0,0,0,0,4,1994.0,60.0,22.0
896,nm0697587,1,0,0,0,1,0,1,1,0,4,0,0,1,0,1,1,1,3,0,0,1,0,1,5,1975.0,7797.0,2454.0
897,nm0701396,0,0,0,0,0,1,0,0,1,0,0,0,0,0,0,1,0,1,0,0,0,0,0,2,2002.0,1840.0,99.0
898,nm0707466,0,0,0,0,0,5,0,0,0,6,0,0,0,0,0,1,0,3,0,0,0,0,0,10,1993.0,311.0,18.0
899,nm0711110,1,0,1,1,0,1,0,0,0,0,1,1,0,0,0,0,0,1,0,0,0,0,0,1,2019.0,5900.0,159637.0
900,nm0713409,0,0,0,0,0,0,0,1,0,3,0,0,0,0,0,0,3,0,0,0,1,0,0,3,1968.0,148.0,153.0
901,nm0714235,0,0,0,0,0,18,0,0,0,12,0,0,0,0,0,2,0,4,0,0,0,0,0,19,2018.0,458.0,631.0
902,nm0716578,0,0,0,0,0,1,0,0,1,2,0,0,0,1,0,0,0,1,0,0,0,0,0,3,2000.0,268.0,28.0
903,nm0719220,2,0,0,0,0,2,0,3,0,10,0,0,0,0,2,1,4,3,1,0,5,0,0,13,2006.0,1825.0,24.0
904,nm0723818,0,0,0,0,0,0,0,0,0,0,0,1,0,0,0,0,0,0,0,0,0,0,0,1,1979.0,19.0,93.0
905,nm0723827,0,0,0,0,1,1,0,0,0,4,0,0,1,1,0,0,1,0,0,0,2,0,0,5,1988.0,362.0,188.0
906,nm0724927,0,0,0,0,0,0,0,0,0,1,0,0,0,0,0,0,0,0,0,0,0,0,0,1,1991.0,64010.0,3458.0
907,nm0726034,0,0,0,0,0,2,0,0,0,1,0,0,0,0,0,0,0,0,0,0,0,0,0,2,2014.0,3421.0,3678.0
908,nm0726472,1,0,0,0,0,1,0,0,0,0,0,0,0,0,1,0,0,0,0,0,0,0,0,1,2011.0,5007.0,15328.0
909,nm0728382,0,0,0,0,0,0,0,0,1,0,0,0,0,0,0,0,0,0,0,0,0,0,0,1,2016.0,11.0,59.0
910,nm0728688,0,0,0,0,0,0,0,1,0,1,0,0,0,0,0,0,1,0,0,0,0,0,0,1,1975.0,1134.0,7597.0
911,nm0729691,0,0,0,0,0,3,0,0,0,5,0,0,0,0,0,0,0,3,0,0,0,0,0,7,1997.0,3396.0,13.0
912,nm0732430,0,0,0,0,1,0,0,0,0,1,0,0,0,1,0,0,0,1,0,0,0,0,0,1,1975.0,9341.0,46090.0
913,nm0734000,3,0,2,6,1,30,0,9,0,34,0,2,3,7,0,1,3,13,3,0,9,0,0,57,1983.0,1685.0,17.0
914,nm0736622,6,0,3,5,1,20,0,4,0,10,1,5,0,1,0,0,0,4,1,0,0,0,0,22,2013.0,204936.0,403738.0
915,nm0737533,1,0,0,0,0,0,0,1,0,0,0,0,0,0,0,0,0,0,0,0,1,0,0,1,2012.0,11955.0,15686.0
916,nm0738791,0,0,0,0,0,0,0,0,1,0,0,0,0,0,0,0,0,0,0,0,0,0,0,1,2004.0,19.0,57.0
917,nm0739787,0,0,0,0,0,2,0,0,0,2,0,0,0,0,0,0,0,0,0,0,0,0,0,2,2010.0,2208.0,2208.0
918,nm0740067,1,0,0,1,0,4,0,9,0,23,0,0,3,1,0,0,2,5,0,0,9,0,0,31,1970.0,2149.0,68.0
919,nm0740612,0,0,0,0,0,1,0,0,0,1,0,0,0,0,0,1,0,0,0,0,0,0,0,1,2002.0,171.0,260.0
920,nm0742323,0,0,0,0,0,0,0,0,0,1,0,0,0,1,0,0,0,0,0,0,0,0,0,1,2010.0,17.0,1664.0
921,nm0743671,0,0,0,0,0,0,0,0,0,1,0,0,0,0,0,0,0,0,0,0,0,0,0,1,2007.0,1963.0,123001.0
922,nm0744107,0,0,0,0,1,1,0,2,0,6,0,0,0,1,0,0,0,2,0,0,0,0,0,6,2010.0,3784.0,2705.0
923,nm0744834,0,0,0,1,0,0,0,0,0,1,0,0,1,0,0,0,0,0,0,0,1,0,0,1,2009.0,1658635.0,103945.0
924,nm0745510,0,0,0,1,0,0,0,0,0,1,0,0,0,0,0,0,0,1,0,0,0,0,0,1,1990.0,357.0,628.0
925,nm0745700,0,0,0,0,0,0,0,1,0,1,0,0,0,0,0,0,1,0,0,0,1,0,0,1,1966.0,201.0,91.0
926,nm0745801,0,0,0,0,0,0,0,1,0,2,0,0,0,0,0,0,0,1,0,0,0,0,0,2,1975.0,247.0,123.0
927,nm0746162,1,0,1,3,3,19,0,3,0,16,5,2,1,1,0,2,3,4,0,0,1,0,0,30,2012.0,2588.0,692.0
928,nm0746896,2,0,2,4,0,3,0,1,0,2,2,1,0,0,3,0,2,1,0,0,3,0,0,7,2008.0,54713.0,4375.0
929,nm0747678,0,0,0,0,0,1,0,0,0,2,0,0,1,0,0,0,0,2,0,0,0,0,0,2,1990.0,128.0,184.0
930,nm0747690,0,0,0,2,0,10,0,1,0,14,0,0,0,0,0,0,0,6,0,0,1,0,0,17,2002.0,1143.0,456.0
931,nm0749914,0,0,0,0,0,0,0,0,1,0,0,0,0,0,0,0,0,0,0,0,0,0,0,1,2011.0,71.0,549.0
932,nm0753423,1,0,0,0,0,0,0,1,0,1,0,0,0,0,0,0,0,1,0,0,1,0,0,2,2004.0,7832.0,5509.0
933,nm0753526,3,0,0,0,0,2,0,2,0,2,0,0,0,0,0,1,0,0,0,0,2,0,0,5,2015.0,40162.0,32982.0
934,nm0753737,2,0,0,2,3,4,0,8,0,34,1,2,1,2,2,1,4,7,0,1,10,0,0,37,2011.0,6048.0,448.0
935,nm0757256,0,0,0,0,0,2,0,0,0,1,0,0,0,0,0,0,0,1,0,0,0,0,0,2,1970.0,3926.0,18889.0
936,nm0757958,0,0,0,0,0,0,0,0,1,1,0,0,0,0,0,0,0,0,0,0,0,0,0,1,1999.0,221.0,920.0
937,nm0757967,0,0,0,0,0,0,0,1,0,1,0,0,0,0,0,0,0,0,0,0,0,0,0,1,2000.0,291.0,291.0
938,nm0758005,0,0,0,0,0,3,0,0,0,7,0,0,0,1,0,0,0,0,0,0,1,0,0,9,2016.0,352.0,315.0
939,nm0758066,1,0,0,1,0,3,0,1,0,3,0,0,0,0,2,0,1,0,0,0,2,0,1,6,1968.0,5446.0,1009.0
940,nm0758161,0,0,0,0,0,0,0,0,0,1,0,0,0,0,0,0,0,0,0,0,0,0,0,1,2022.0,264.0,53.0
941,nm0758687,0,0,0,0,0,1,0,0,0,1,0,2,0,0,1,0,1,1,0,0,1,0,0,2,1999.0,1940.0,1701.0
942,nm0759819,0,0,0,0,0,2,0,0,0,0,0,0,0,0,1,0,1,0,0,0,1,0,0,2,2018.0,14121.0,7027.0
943,nm0761498,0,0,1,1,0,1,0,0,0,0,1,0,0,0,0,0,0,0,0,0,0,0,0,1,2002.0,221469.0,338717.0
944,nm0761525,0,0,0,0,0,0,0,0,0,1,0,0,0,0,0,0,0,1,0,0,0,0,0,1,1962.0,1310.0,20.0
945,nm0763518,0,0,0,1,0,0,0,0,0,0,0,0,0,1,0,0,0,1,0,0,0,0,0,1,1968.0,1686.0,70.0
946,nm0767143,0,0,0,0,0,0,0,0,1,0,0,0,0,0,0,0,0,0,0,0,0,0,0,1,1987.0,93.0,93.0
947,nm0767741,1,0,0,0,0,1,0,0,0,1,0,1,0,0,1,0,0,0,0,0,0,0,0,2,1984.0,17548.0,46963.0
948,nm0769135,0,0,0,0,0,0,0,0,0,0,0,0,0,0,1,0,0,0,0,0,1,0,0,1,1980.0,4400.0,76807.0
949,nm0769703,0,0,0,0,0,0,0,0,0,1,0,0,0,0,0,0,0,1,0,0,0,0,0,1,1997.0,2180.0,2180.0
950,nm0771613,0,0,0,0,0,0,0,0,0,1,0,0,0,0,1,0,0,0,0,0,1,0,0,1,1986.0,1021.0,10005.0
951,nm0771923,0,0,0,0,0,1,0,0,0,2,0,0,0,0,0,0,0,1,0,0,1,0,0,2,2012.0,3680.0,24763.0
952,nm0772207,0,0,0,0,1,0,0,1,0,1,0,0,0,0,0,0,0,0,0,0,1,0,0,1,2010.0,4666.0,5262.0
953,nm0773845,0,0,0,0,0,6,0,3,0,1,0,0,1,0,0,0,0,0,0,0,0,0,1,6,1996.0,2903.0,2445.0
954,nm0773973,1,0,0,0,2,2,1,2,0,6,0,0,0,0,0,1,0,4,0,0,0,0,0,6,2013.0,53246.0,1203.0
955,nm0775056,0,0,0,1,1,1,0,1,0,3,1,0,2,1,0,0,0,1,0,0,0,0,0,4,2004.0,5584.0,20658.0
956,nm0775447,0,0,0,0,2,0,0,0,2,1,0,1,0,2,0,0,0,1,0,0,0,0,0,3,1998.0,1177.0,12898.0
957,nm0777788,2,0,1,2,3,5,0,3,0,6,2,0,2,3,1,0,1,1,0,1,2,0,0,10,2015.0,18334.0,47678.0
958,nm0781899,1,0,2,1,0,1,0,0,0,3,1,1,0,0,2,1,0,2,0,0,1,0,0,5,2004.0,11533.0,5930.0
959,nm0782213,4,0,0,0,1,7,0,5,0,2,0,1,0,0,1,0,0,1,0,0,0,0,0,8,2004.0,8884.0,7814.0
960,nm0783879,0,0,2,0,0,0,0,0,1,1,1,0,0,0,0,0,0,0,0,0,0,0,0,4,2012.0,90.0,13.0
961,nm0783934,0,0,0,0,0,0,0,0,1,0,0,0,0,1,0,0,0,0,0,0,0,0,0,1,1977.0,1145.0,31.0
962,nm0785227,9,0,2,6,0,2,0,3,0,6,1,3,1,0,1,0,3,1,3,0,6,0,0,12,2012.0,267728.0,125059.0
963,nm0785684,0,0,0,0,0,1,0,0,0,1,0,0,0,0,0,0,0,0,1,0,0,0,0,2,1985.0,2906.0,1994.0
964,nm0786891,1,0,0,0,1,7,1,2,0,18,0,2,0,1,1,2,2,4,0,0,4,0,0,20,1973.0,6365.0,308.0
965,nm0788553,0,0,0,0,0,3,0,0,0,0,0,0,0,0,0,0,0,0,0,0,0,0,0,3,1974.0,2400.0,2400.0
966,nm0791248,0,0,0,0,0,2,0,1,0,2,0,0,0,0,0,0,0,2,0,0,0,0,0,2,1990.0,9566.0,49804.0
967,nm0791723,0,0,0,1,0,2,0,0,0,3,1,0,0,0,0,0,1,1,0,0,1,0,0,4,2015.0,20154.0,11668.0
968,nm0792202,0,0,0,0,1,0,0,0,0,1,0,0,0,0,0,0,0,0,0,0,0,0,0,1,1989.0,81928.0,112552.0
969,nm0795290,0,0,0,0,0,3,0,0,0,0,0,0,0,0,0,0,0,3,0,0,0,0,0,3,2002.0,42877.0,49754.0
970,nm0798062,0,0,0,0,0,0,0,0,0,1,0,0,0,0,0,1,0,1,0,0,0,0,0,1,2002.0,237.0,183.0
971,nm0800098,0,0,0,0,0,0,0,1,0,1,0,0,0,0,0,0,0,0,0,0,0,0,0,1,2002.0,30.0,144.0
972,nm0803066,0,0,0,0,0,1,0,0,0,1,0,0,0,0,0,0,0,0,0,0,0,0,0,1,1998.0,422.0,5166.0
973,nm0804592,0,0,0,0,0,0,0,0,0,2,0,0,1,0,0,1,0,0,0,0,1,0,0,2,1983.0,4800.0,4622.0
974,nm0805476,0,0,0,0,1,0,0,0,0,3,0,0,0,1,0,1,0,1,0,0,0,0,0,3,2011.0,15699.0,10860.0
975,nm0809321,0,0,0,0,0,1,0,0,0,0,0,0,0,0,0,0,0,0,0,0,0,0,0,1,1992.0,4807.0,40688.0
976,nm0811242,2,0,0,0,0,9,0,1,0,5,1,0,0,0,3,3,2,4,0,0,4,0,0,13,2015.0,78634.0,1259.0
977,nm0811714,0,0,0,0,0,0,0,0,0,1,0,0,0,0,1,0,1,0,0,0,1,0,0,2,1980.0,2644.0,9862.0
978,nm0812307,2,0,2,2,0,0,0,0,0,0,2,0,0,0,0,0,0,0,2,0,0,0,0,2,2022.0,129376.0,139457.0
979,nm0812406,0,0,0,0,0,0,0,0,0,1,0,0,0,0,0,0,0,0,0,0,0,0,0,1,1976.0,14.0,13.0
980,nm0812546,0,0,0,0,0,0,0,0,1,1,0,0,1,0,0,0,0,0,0,0,0,0,0,1,2010.0,44.0,1551.0
981,nm0812625,0,0,0,0,0,0,0,0,2,0,0,0,1,1,0,0,0,0,0,0,0,0,0,2,1986.0,1151.0,1138.0
982,nm0815418,0,0,0,0,0,1,0,1,0,0,0,0,0,0,0,0,1,0,0,0,0,0,0,1,2018.0,28932.0,4479.0
983,nm0815428,0,0,0,0,0,1,0,0,0,0,0,0,0,0,0,0,0,0,0,0,0,0,0,1,1976.0,57.0,47.0
984,nm0815677,0,0,0,0,0,0,0,0,0,1,0,0,0,0,0,0,0,0,0,0,0,0,0,1,2014.0,18.0,18.0
985,nm0819079,0,0,0,0,0,1,0,2,0,2,0,0,0,0,0,0,0,0,0,0,2,0,0,2,2014.0,4898.0,1111.0
986,nm0824220,0,0,0,0,0,0,0,0,0,1,0,0,1,1,0,0,1,0,0,0,1,0,0,1,2002.0,69279.0,37824.0
987,nm0824997,0,0,0,0,0,1,0,0,0,0,0,0,0,0,1,1,0,0,0,0,0,0,0,1,2009.0,5333.0,5333.0
988,nm0827663,4,0,0,4,0,13,0,4,0,5,4,1,0,0,2,1,2,0,2,2,4,0,2,17,1989.0,83572.0,31963.0
989,nm0829537,0,0,0,0,0,1,0,0,0,1,0,0,0,0,0,0,0,0,0,0,0,0,0,1,1999.0,241188.0,24068.0
990,nm0833708,0,0,0,0,0,0,0,0,4,0,0,0,0,0,0,0,0,0,0,0,0,0,0,4,1997.0,194.0,680.0
991,nm0834805,0,0,0,0,1,4,0,0,0,8,0,0,0,0,0,0,0,1,0,0,1,0,0,10,1993.0,150.0,83.0
992,nm0835001,2,0,0,0,0,0,0,1,0,1,0,0,1,0,0,0,0,0,0,0,1,0,0,2,2016.0,4324.0,2705.0
993,nm0835688,5,0,5,5,0,0,0,0,0,0,0,5,0,0,0,0,0,0,1,0,0,0,0,5,2002.0,7558.0,4827.0
994,nm0836681,1,0,0,2,0,13,0,13,0,29,1,0,1,1,0,0,4,6,0,0,7,0,0,39,1997.0,1090.0,229.0
995,nm0837661,0,0,0,0,1,0,0,0,0,1,0,0,0,1,0,0,0,0,0,0,0,0,0,1,2013.0,586.0,156.0
996,nm0837839,0,0,0,0,0,1,0,0,0,1,0,0,0,0,0,0,0,0,0,0,0,0,0,1,2019.0,5818.0,5818.0
997,nm0842918,0,0,0,0,0,0,0,0,0,3,0,0,0,0,0,0,0,0,0,0,0,0,0,3,2003.0,134.0,163.0
998,nm0844435,0,0,0,0,0,3,0,1,1,7,0,0,2,0,0,0,2,0,0,0,0,0,0,10,1986.0,799.0,107.0
999,nm0851731,0,0,0,0,0,0,0,0,0,1,0,0,0,0,0,0,0,0,0,0,0,0,0,1,1987.0,806.0,607.0
1000,nm0853456,0,0,0,0,0,1,0,0,0,0,0,0,0,0,0,0,1,0,0,0,0,0,0,1,1981.0,204.0,577.0
1001,nm0856500,0,0,0,0,4,16,1,2,0,31,0,0,0,1,0,3,2,8,0,0,5,0,0,41,2009.0,3310.0,2526.0
1002,nm0856774,0,0,0,0,0,0,0,0,0,0,0,1,0,0,0,0,0,0,0,0,0,0,0,1,2001.0,53.0,164.0
1003,nm0858061,0,0,0,0,0,1,0,0,0,0,0,0,0,0,0,0,0,0,0,0,0,0,0,1,2017.0,1401.0,1401.0
1004,nm0858525,0,0,0,1,0,1,0,0,0,0,1,0,0,0,0,0,0,0,0,0,0,0,0,1,1989.0,11868.0,61553.0
1005,nm0858686,0,0,1,1,0,1,0,0,0,0,1,0,0,0,0,0,0,0,0,0,0,0,0,1,1997.0,1748.0,2475.0
1006,nm0859985,0,0,0,0,0,1,0,0,0,1,0,0,0,0,0,0,0,1,0,0,0,0,0,1,2008.0,167.0,428.0
1007,nm0862432,0,0,0,0,0,5,0,0,0,3,0,0,0,0,0,0,0,1,0,0,0,0,0,5,1977.0,1185.0,81.0
1008,nm0863816,1,0,2,4,0,15,0,2,0,8,4,0,0,1,0,1,0,4,0,0,2,0,0,22,2006.0,1755.0,666.0
1009,nm0868779,0,0,0,0,0,0,0,0,0,3,0,0,0,0,0,0,0,0,0,0,0,0,0,3,2003.0,332.0,13.0
1010,nm0870186,1,0,0,0,0,4,0,0,0,0,1,1,0,0,0,0,0,0,1,0,0,0,0,4,1988.0,7242.0,12298.0
1011,nm0870204,2,0,0,1,0,4,0,2,0,4,0,2,1,0,1,0,0,5,1,0,2,0,0,8,2002.0,43074.0,15337.0
1012,nm0870389,0,0,2,2,0,3,0,0,0,1,0,0,1,0,0,0,0,0,0,0,0,0,2,4,1974.0,775.0,14.0
1013,nm0871779,0,0,0,0,0,0,0,1,0,2,0,1,0,0,0,0,0,0,0,0,0,0,0,2,2008.0,22.0,81.0
1014,nm0873211,0,0,0,0,0,0,0,0,0,1,0,0,0,0,0,0,1,0,0,0,1,0,0,1,2003.0,169.0,196.0
1015,nm0873385,0,0,0,1,1,5,0,0,0,4,0,0,0,1,0,0,0,2,0,0,0,0,0,5,1991.0,9049.0,1440.0
1016,nm0875354,2,0,0,0,0,0,0,2,0,5,0,2,0,0,5,0,0,0,2,0,2,0,0,6,1996.0,17943.0,5638.0
1017,nm0876942,0,0,0,0,0,4,0,0,0,4,1,1,0,0,1,0,0,2,0,0,0,0,0,5,1991.0,1058.0,525.0
1018,nm0880085,0,0,2,0,0,0,0,0,0,2,2,0,0,0,0,0,0,0,0,0,0,0,0,2,2022.0,2230.0,1138.0
1019,nm0880521,1,0,0,1,0,0,0,2,0,6,0,2,0,0,2,1,2,1,0,1,5,0,0,7,1980.0,2899.0,6329.0
1020,nm0885188,0,0,0,0,0,4,0,0,2,2,0,0,0,1,0,0,0,1,2,0,0,0,0,10,2011.0,17.0,97.0
1021,nm0887708,1,0,0,0,0,0,0,1,0,1,0,0,0,0,0,0,0,0,0,0,1,0,0,1,1971.0,6042.0,3258.0
1022,nm0888418,0,0,0,0,0,2,0,0,0,4,0,0,0,0,1,0,0,1,0,0,2,0,0,4,2001.0,3558.0,3403.0
1023,nm0889513,0,0,0,0,0,0,0,0,1,0,1,0,0,1,0,0,0,0,0,0,0,0,0,1,2016.0,8.0,4937.0
1024,nm0889522,0,0,0,0,0,5,0,1,0,2,0,0,0,0,0,1,0,4,0,0,0,0,0,5,2011.0,45084.0,11285.0
1025,nm0889615,0,0,0,0,0,0,0,0,0,1,0,0,0,0,0,0,0,0,0,0,0,0,0,1,1960.0,83.0,8.0
1026,nm0891580,0,0,0,0,0,0,0,0,0,6,0,0,0,0,0,0,0,2,0,0,0,0,0,7,2010.0,57.0,107.0
1027,nm0893107,0,0,0,0,0,0,0,0,0,0,0,0,0,0,0,0,0,1,0,0,0,0,0,1,1997.0,11.0,74.0
1028,nm0893872,0,0,1,0,0,4,0,0,0,3,1,0,0,0,0,0,0,1,0,0,0,0,0,5,2007.0,22327.0,1702.0
1029,nm0895752,0,0,0,0,0,3,0,0,0,2,0,0,0,0,0,0,0,1,0,0,0,0,0,3,2018.0,3401.0,353.0
1030,nm0896612,0,0,0,0,0,1,0,1,0,1,0,0,0,0,0,0,0,0,0,0,0,0,0,1,2017.0,140.0,140.0
1031,nm0897095,0,0,0,0,0,1,0,0,0,1,0,0,0,0,0,1,0,0,0,0,0,0,0,1,1999.0,255.0,101.0
1032,nm0897715,0,0,0,1,0,3,0,0,0,1,0,1,0,0,0,0,0,0,0,0,0,0,0,3,1982.0,4753.0,3483.0
1033,nm0902086,0,0,0,0,0,4,0,0,0,0,3,0,0,0,0,0,0,1,0,0,0,0,0,4,1990.0,5669.0,5262.0
1034,nm0903137,0,0,0,0,0,0,0,1,0,2,0,0,1,0,0,0,0,0,0,0,0,0,0,2,1973.0,1517.0,4935.0
1035,nm0910607,4,0,0,4,2,6,0,3,0,8,0,4,0,0,0,0,0,1,3,0,2,0,2,13,2016.0,253476.0,6406.0
1036,nm0910737,1,0,0,2,0,2,0,4,0,7,0,0,2,1,0,1,2,4,0,0,4,0,0,10,1976.0,8566.0,5222.0
1037,nm0911093,3,0,0,3,0,0,0,1,0,2,0,0,0,0,0,0,0,0,0,0,0,0,0,3,1972.0,1857.0,1972.0
1038,nm0917188,0,0,1,1,0,1,0,0,0,0,1,0,0,0,0,0,0,0,1,0,0,0,0,1,2016.0,79694.0,209239.0
1039,nm0919363,0,0,0,0,0,1,0,0,0,1,0,0,0,0,0,0,0,0,0,0,0,0,0,1,2000.0,6027.0,83396.0
1040,nm0920185,0,0,0,0,1,1,0,1,0,2,0,0,0,0,0,0,0,1,0,0,0,0,0,2,2016.0,46577.0,1120.0
1041,nm0925234,0,0,0,0,0,3,0,0,0,2,0,0,0,0,0,1,0,1,0,0,0,0,0,3,2002.0,132243.0,19491.0
1042,nm0926919,0,0,0,0,0,0,0,0,0,1,0,0,0,0,0,0,0,1,0,0,0,0,0,1,1961.0,25103.0,22523.0
1043,nm0931958,0,0,0,1,0,1,0,1,0,1,0,1,0,0,0,0,0,1,0,0,0,0,0,2,2012.0,4494.0,27250.0
1044,nm0932302,0,0,2,0,0,2,0,0,0,0,0,0,0,0,0,0,0,0,2,0,0,0,0,2,2022.0,1614.0,1614.0
1045,nm0933447,0,0,0,4,0,6,0,4,0,9,0,1,1,3,1,0,1,2,0,0,0,0,0,12,1972.0,819.0,166.0
1046,nm0933940,9,0,0,5,0,6,1,4,0,17,1,2,1,1,7,0,12,8,3,0,16,0,2,29,2013.0,156645.0,56870.0
1047,nm0935664,0,0,0,4,0,4,0,0,0,0,0,2,0,0,0,2,0,0,4,0,0,0,0,4,1998.0,91185.0,5993.0
1048,nm0938105,0,0,2,1,0,3,0,0,0,2,2,0,0,0,0,0,0,1,0,0,0,0,0,3,2013.0,908.0,150.0
1049,nm0942876,0,0,0,1,1,0,0,0,0,1,0,0,0,1,0,0,0,0,0,0,0,0,0,1,2015.0,238212.0,28219.0
1050,nm0946179,3,0,0,2,0,20,1,10,0,22,0,1,2,2,0,0,2,5,0,0,6,0,0,37,1983.0,1894.0,744.0
1051,nm0949210,1,0,0,0,0,6,0,1,0,5,0,0,0,0,0,1,0,0,0,0,3,0,0,9,2010.0,3265.0,2857.0
1052,nm0951206,0,0,0,0,0,0,0,0,0,0,0,0,0,0,1,0,0,0,0,0,0,0,0,1,1993.0,7215.0,15115.0
1053,nm0951456,2,0,1,1,1,23,1,5,1,18,1,2,0,0,0,2,0,7,0,0,4,0,0,30,2001.0,1319.0,1532.0
1054,nm0954655,0,0,0,0,0,1,0,0,0,1,0,0,0,0,0,0,0,0,0,0,0,0,1,1,2018.0,6063.0,6063.0
1055,nm0954658,0,0,0,0,0,1,0,0,0,1,0,0,0,0,0,0,0,0,0,0,0,0,1,1,2018.0,6063.0,6063.0
1056,nm0954704,6,0,0,0,1,13,0,13,0,40,0,1,2,3,0,0,1,9,0,0,9,0,0,49,2010.0,1935.0,2417.0
1057,nm0954786,0,0,0,0,0,0,0,1,0,1,0,0,0,0,0,0,0,0,0,0,0,0,0,1,1983.0,3318.0,57.0
1058,nm0956643,0,0,0,0,0,0,0,0,0,2,0,0,0,0,2,0,1,0,0,0,0,0,0,2,1971.0,886.0,20.0
1059,nm0958558,0,0,0,0,0,0,0,0,0,1,0,0,0,0,0,0,0,0,0,0,0,0,0,1,1985.0,98.0,7198.0
1060,nm0959916,0,0,0,0,0,5,0,0,0,3,2,0,0,0,0,0,0,1,0,0,0,0,0,5,1965.0,1417.0,1151.0
1061,nm0968605,0,0,0,0,0,0,0,0,0,1,0,0,0,0,0,0,0,0,0,0,0,0,0,1,1988.0,17.0,9.0
1062,nm0968684,0,0,0,0,0,0,0,0,0,0,0,0,0,0,0,0,0,0,1,0,0,0,0,1,1979.0,10.0,10.0
1063,nm0970447,1,0,1,1,0,1,0,0,0,0,1,0,0,0,0,0,0,0,0,0,0,0,0,1,2014.0,107526.0,198680.0
1064,nm0974796,0,0,0,0,0,0,0,0,0,1,0,0,0,0,0,0,0,0,0,0,0,0,0,1,2020.0,18.0,16.0
1065,nm0992370,0,0,0,0,0,0,0,0,0,1,0,1,0,1,0,0,0,0,0,0,0,0,0,1,2023.0,1390.0,10736.0
1066,nm0996864,0,0,0,0,0,0,0,0,0,1,0,0,0,0,0,0,0,0,0,0,0,0,0,1,2001.0,18.0,26.0
1067,nm0997240,0,0,0,0,0,1,0,0,0,1,0,0,0,0,0,0,0,0,0,0,0,0,0,1,2005.0,92439.0,3940.0
1068,nm10004120,0,0,0,0,0,0,0,0,0,1,0,0,0,0,0,0,0,1,0,0,0,0,0,1,2016.0,29.0,29.0
1069,nm1000499,0,0,0,0,0,0,0,0,1,0,0,0,0,0,0,0,0,0,0,0,0,0,0,1,2021.0,63.0,1274.0
1070,nm10058781,0,0,0,0,0,0,1,0,0,2,0,0,0,0,2,1,0,1,0,0,1,0,0,3,2021.0,40.0,40.0
1071,nm1007740,0,0,2,2,0,2,0,0,0,0,2,0,0,0,0,1,0,0,1,0,0,0,0,2,2005.0,3923.0,3923.0
1072,nm1008415,0,0,3,3,0,3,0,0,0,0,3,0,0,0,0,3,0,0,0,0,0,0,0,3,2002.0,4665.0,4665.0
1073,nm1009277,4,0,0,4,0,8,0,3,0,1,1,0,0,0,0,0,1,2,2,0,1,0,1,8,2009.0,68553.0,45143.0
1074,nm10159049,0,0,0,0,0,1,0,0,0,1,0,0,0,0,0,0,0,0,0,0,0,0,0,1,2023.0,10.0,10.0
1075,nm10173246,0,0,0,1,0,0,0,0,1,0,0,0,0,0,0,0,0,0,0,0,0,0,0,1,2017.0,35.0,35.0
1076,nm1021224,0,0,0,0,0,7,0,3,1,9,0,1,1,0,0,0,1,0,0,1,1,0,0,15,2011.0,716.0,63.0
1077,nm1023870,0,0,0,0,0,1,0,0,0,1,0,0,0,0,0,0,0,0,0,0,0,0,0,1,1996.0,19.0,18.0
1078,nm1024677,3,0,6,4,1,11,0,0,0,12,2,2,1,1,2,0,0,6,4,0,1,0,0,17,2015.0,99297.0,248005.0
1079,nm1027986,1,0,0,2,0,3,0,0,0,2,0,2,0,1,2,0,1,0,0,0,1,0,0,3,2016.0,14365.0,9364.0
1080,nm1035719,2,0,2,0,0,3,0,0,0,0,0,1,0,0,0,0,1,0,2,0,0,0,0,3,2008.0,4267.0,3233.0
1081,nm1044758,0,0,0,0,0,0,0,0,0,1,0,0,0,0,0,0,0,0,0,0,0,0,0,1,1968.0,17.0,37.0
1082,nm1047269,0,0,0,0,0,0,0,0,2,3,0,0,0,0,0,1,0,0,0,0,0,0,0,4,1969.0,29.0,5.0
1083,nm10480207,0,0,0,0,0,0,0,0,0,0,0,0,0,0,1,0,0,0,0,0,0,0,0,1,1999.0,9.0,9.0
1084,nm10535179,0,0,0,0,0,0,0,0,0,1,0,0,0,0,0,0,0,0,0,0,0,0,0,1,1977.0,10.0,27.0
1085,nm1056120,5,0,0,2,0,2,0,1,0,2,0,3,0,0,3,0,0,0,2,0,3,0,0,5,2007.0,4255.0,2086.0
1086,nm1064292,0,0,0,1,0,3,0,0,0,2,1,0,0,1,0,0,0,1,0,0,0,0,0,3,2015.0,61403.0,5452.0
1087,nm10732120,0,0,0,0,0,0,0,0,0,1,0,0,0,0,0,0,0,0,0,0,0,0,0,1,2022.0,11.0,11.0
1088,nm1086956,1,0,0,0,0,8,0,1,0,7,0,0,0,0,0,0,0,2,1,0,0,0,0,10,2015.0,1205.0,1849.0
1089,nm1094137,0,0,0,1,0,4,0,0,0,0,0,0,0,0,0,0,0,1,0,0,0,0,0,4,2020.0,38614.0,18290.0
1090,nm1098161,0,0,0,0,0,0,0,0,1,0,0,0,0,0,0,0,0,0,0,0,0,0,0,1,1980.0,58.0,58.0
1091,nm1099640,0,0,0,1,1,4,0,0,0,11,1,0,0,1,0,0,0,4,0,0,0,0,0,12,2012.0,669.0,448.0
1092,nm1101310,0,0,0,0,0,1,0,0,0,0,0,0,0,0,0,0,0,0,0,0,0,0,0,1,2018.0,7027.0,7027.0
1093,nm1102140,0,0,0,0,0,3,0,0,0,2,0,0,0,0,0,0,0,3,0,0,0,0,0,3,2013.0,24639.0,35964.0
1094,nm1104118,0,0,0,0,0,0,0,0,0,1,0,0,0,0,0,0,0,1,0,0,0,0,0,1,2003.0,88461.0,15480.0
1095,nm11068068,0,0,0,0,0,0,0,0,1,0,0,0,0,0,0,0,0,0,0,0,0,0,0,1,2022.0,59.0,59.0
1096,nm1113387,0,0,0,0,0,0,0,0,0,2,0,1,0,0,0,0,0,1,0,0,1,0,0,2,2012.0,811.0,52.0
1097,nm1119022,0,0,0,0,1,1,0,0,0,2,1,0,0,1,0,0,0,1,0,1,0,0,0,3,2022.0,574.0,2032.0
1098,nm1119645,0,0,0,0,0,1,0,0,0,1,0,0,0,0,0,0,0,1,0,0,0,0,0,1,2009.0,6495.0,22042.0
1099,nm1125677,0,0,0,0,0,1,0,0,0,0,0,0,0,0,0,0,0,0,0,0,0,0,0,1,2018.0,443.0,443.0
1100,nm1128572,1,0,1,1,0,6,0,1,0,2,1,1,0,0,0,0,0,4,0,0,2,0,0,8,2013.0,94967.0,33358.0
1101,nm1133423,0,0,0,0,0,0,0,0,1,0,0,0,0,0,0,0,0,0,0,0,0,1,0,1,2021.0,107.0,107.0
1102,nm1140699,0,0,0,0,0,0,0,1,0,3,0,0,0,1,0,0,0,0,0,0,0,0,0,3,2007.0,270.0,295.0
1103,nm1145983,0,0,0,0,0,1,0,0,0,0,0,0,0,0,0,1,1,0,0,0,1,0,0,1,2022.0,39504.0,39504.0
1104,nm1155516,0,0,0,0,0,1,0,0,0,0,0,0,0,0,0,1,0,0,0,0,0,0,0,1,2010.0,61.0,61.0
1105,nm11617021,0,0,0,0,0,2,0,0,0,1,0,0,0,0,0,0,0,0,0,0,1,0,0,2,2022.0,128.0,154.0
1106,nm1162222,0,0,0,0,0,5,0,2,0,5,1,0,0,0,0,0,0,0,0,0,2,0,0,6,2012.0,1906.0,471.0
1107,nm11633954,0,0,0,0,0,0,0,0,0,1,0,0,0,0,0,0,0,1,0,0,0,0,0,1,2020.0,1261.0,1261.0
1108,nm1164552,0,0,0,0,0,1,0,0,0,1,0,0,0,0,0,0,0,0,0,0,0,0,0,1,2016.0,4387.0,4387.0
1109,nm1167415,0,0,0,2,0,1,0,0,0,2,0,2,0,0,0,0,0,0,0,0,0,0,0,2,2018.0,750.0,750.0
1110,nm1175459,0,0,0,0,0,0,0,0,1,0,0,0,0,1,0,0,0,0,0,0,0,0,0,1,2016.0,1688.0,852.0
1111,nm1175724,1,0,0,0,0,1,0,0,0,0,0,1,0,0,1,0,0,0,1,0,1,0,0,1,2010.0,2086.0,4408.0
1112,nm1177914,0,0,0,0,0,1,0,0,0,1,0,0,0,0,0,0,0,1,0,0,0,0,0,1,2013.0,82879.0,36605.0
1113,nm1190019,0,0,0,0,0,1,0,0,0,1,0,0,0,0,0,0,0,0,0,0,0,0,0,1,1970.0,25.0,26.0
1114,nm1191481,0,0,0,0,0,0,0,1,0,0,0,0,0,0,4,0,3,0,0,0,4,0,0,4,2011.0,172412.0,203545.0
1115,nm1196161,0,0,0,0,0,0,0,0,0,1,0,0,0,0,0,0,0,0,0,0,0,0,0,1,2018.0,2167.0,5198.0
1116,nm1199107,0,0,0,0,0,1,0,0,0,0,0,0,0,0,0,0,0,1,0,0,0,0,0,1,2009.0,22523.0,118916.0
1117,nm1218757,1,0,0,1,0,2,0,3,0,1,1,0,0,0,1,0,1,1,0,0,2,0,0,4,2012.0,50762.0,3394.0
1118,nm1227232,0,0,0,0,0,0,0,2,0,4,0,0,0,1,2,0,0,1,0,0,3,0,0,4,2009.0,53717.0,25194.0
1119,nm1228072,2,0,0,0,1,3,0,0,0,11,0,0,4,2,1,0,1,5,0,0,1,0,0,12,2012.0,2197.0,104.0
1120,nm1229520,0,0,0,0,1,2,0,1,0,1,0,0,0,0,0,0,0,0,0,0,0,0,0,2,2018.0,49012.0,34622.0
1121,nm1248409,1,0,0,0,0,0,0,0,0,1,0,0,0,0,0,0,0,0,0,0,1,0,0,1,2024.0,1832.0,1832.0
1122,nm12560062,0,0,0,1,0,1,0,0,0,0,0,0,0,0,0,0,0,0,1,0,0,0,0,1,2022.0,175.0,175.0
1123,nm1267707,0,0,0,0,0,4,0,0,0,3,0,0,0,0,0,0,0,2,0,0,0,0,0,4,2015.0,2963.0,9234.0
1124,nm1271759,0,0,2,2,0,6,0,3,0,13,3,0,0,0,0,1,1,2,0,0,3,0,0,16,2013.0,2781.0,487.0
1125,nm1273708,0,0,0,0,1,1,0,0,0,2,0,0,1,1,0,0,0,0,0,0,0,0,0,2,2015.0,15500.0,3288.0
1126,nm12771645,0,0,0,0,0,0,0,0,1,0,0,0,0,0,0,0,0,0,0,0,0,0,0,1,2021.0,216.0,216.0
1127,nm1288961,0,0,0,0,0,0,0,0,0,0,0,0,0,0,1,0,0,0,0,0,1,0,0,1,2007.0,5278.0,2265.0
1128,nm1294652,0,0,0,0,0,2,0,0,0,3,0,0,0,0,0,0,0,0,0,0,0,0,0,4,2016.0,182.0,14.0
1129,nm1312575,6,0,0,2,1,7,0,3,0,17,0,1,0,1,2,0,5,5,4,1,10,0,1,22,2013.0,118359.0,148728.0
1130,nm1315212,0,0,0,0,0,0,0,0,0,1,0,0,0,0,0,0,0,0,0,0,0,0,0,1,2009.0,12.0,678.0
1131,nm1315309,0,0,0,0,0,0,0,0,0,0,0,0,0,0,0,0,0,0,0,0,0,0,0,2,2006.0,9.0,9.0
1132,nm1315809,2,0,2,2,0,0,0,0,0,0,0,2,0,0,0,0,0,0,0,0,0,0,0,2,2021.0,1785.0,3611.0
1133,nm1318596,1,0,1,4,0,8,0,2,0,2,2,1,0,0,1,0,0,3,1,0,0,0,0,9,2015.0,95568.0,206713.0
1134,nm1320827,1,0,0,2,0,3,0,0,0,0,0,0,0,0,0,0,0,1,0,0,0,0,0,3,2019.0,154614.0,4112.0
1135,nm1326502,0,0,0,0,0,0,0,0,0,0,0,0,0,0,0,0,0,1,0,0,0,0,0,1,2007.0,52.0,52.0
1136,nm1333852,0,0,0,0,0,0,0,0,0,1,0,0,0,0,0,0,0,0,0,0,0,0,0,1,2003.0,9.0,12.0
1137,nm1334869,5,0,0,2,0,0,0,2,0,5,0,0,1,0,2,0,5,1,2,0,6,0,0,9,2016.0,142532.0,4985.0
1138,nm1336595,0,0,0,0,1,2,0,0,0,2,0,0,0,0,0,1,0,1,0,0,0,0,0,2,2012.0,16520.0,2729.0
1139,nm1346713,0,0,0,0,0,4,0,0,0,1,0,0,0,0,0,1,0,2,0,0,0,0,0,5,2015.0,7564.0,4249.0
1140,nm1347153,3,0,1,2,0,14,0,4,0,13,2,0,0,0,0,0,2,9,1,0,2,0,0,16,2012.0,86958.0,9733.0
1141,nm1349604,0,0,1,0,0,1,0,0,0,0,1,0,0,0,0,0,0,0,0,0,0,0,0,1,2005.0,1512.0,1395.0
1142,nm1404307,1,0,0,0,0,0,0,0,0,1,0,0,1,1,0,0,0,0,0,0,0,0,0,1,2006.0,3217.0,45437.0
1143,nm1408629,0,0,0,1,0,1,0,0,0,0,0,0,0,0,1,0,0,0,0,0,0,0,0,1,2009.0,1932.0,5097.0
1144,nm1417392,0,0,0,0,0,0,0,0,0,0,0,0,0,0,2,0,1,0,0,0,2,0,0,2,2012.0,59112.0,132732.0
1145,nm1425885,0,0,0,0,0,1,0,0,0,1,0,0,0,0,0,0,0,1,0,0,0,0,0,1,2007.0,1758.0,1387.0
1146,nm1429317,0,0,0,0,0,0,0,0,0,0,0,0,0,0,1,0,1,0,0,0,1,0,0,1,2013.0,26493.0,26493.0
1147,nm1436583,0,0,0,0,0,0,0,0,0,1,0,0,0,0,0,0,0,0,0,0,0,0,0,1,2004.0,13.0,13.0
1148,nm1440023,0,0,0,0,0,1,0,0,0,0,0,0,0,0,1,0,0,0,0,0,0,0,0,1,2014.0,9364.0,21954.0
1149,nm1443023,0,0,0,0,0,0,0,0,0,0,0,0,0,0,1,0,1,0,1,0,1,0,0,1,2007.0,71135.0,40450.0
1150,nm1443502,2,0,1,1,0,3,0,2,0,0,0,1,0,0,0,0,0,0,0,0,0,0,0,3,2018.0,40260.0,467728.0
1151,nm1443757,0,0,0,0,1,0,0,0,0,1,0,0,0,1,0,0,0,0,0,0,0,0,0,1,2004.0,12882.0,2055.0
1152,nm1449733,0,0,0,0,0,0,0,0,0,1,0,0,0,0,0,0,0,0,0,0,0,0,0,1,2003.0,13.0,683.0
1153,nm1455540,0,0,0,0,0,2,0,0,0,0,0,0,0,0,0,0,0,0,0,0,0,0,0,2,2022.0,412.0,412.0
1154,nm1460782,2,0,0,2,0,23,0,4,0,15,0,2,0,0,0,2,1,4,1,0,1,0,1,27,2014.0,5881.0,774.0
1155,nm1475594,14,0,3,10,1,16,0,7,0,15,2,3,1,1,0,3,2,9,3,1,7,0,0,29,2015.0,155614.0,48977.0
1156,nm1482492,0,0,0,0,0,0,0,0,0,0,0,0,0,0,0,0,0,0,0,0,0,0,0,3,1979.0,16.0,35.0
1157,nm1492932,0,0,0,0,0,0,0,0,0,1,0,0,0,0,0,0,0,0,0,0,0,0,0,1,2016.0,10.0,448.0
1158,nm1494818,0,0,0,0,0,0,0,0,0,1,0,0,0,0,2,0,1,0,0,0,2,0,0,2,2014.0,26078.0,16772.0
1159,nm1495944,0,0,0,0,0,0,0,0,0,1,0,0,0,0,0,0,0,0,0,0,0,0,0,1,2023.0,338.0,98.0
1160,nm1503403,0,0,0,0,0,0,0,0,0,2,0,0,0,0,0,0,1,0,2,0,1,0,0,2,2008.0,76271.0,76271.0
1161,nm1509478,0,0,0,0,0,1,0,1,0,3,1,0,0,0,0,0,0,1,0,0,2,0,0,3,2021.0,60938.0,122560.0
1162,nm1540404,0,0,0,1,1,1,0,1,0,4,1,1,0,1,2,0,1,0,1,0,4,0,0,6,2013.0,45161.0,10011.0
1163,nm1541272,0,0,0,1,0,2,0,0,0,4,0,0,0,1,2,0,2,2,1,1,2,0,0,7,2015.0,26002.0,7511.0
1164,nm1546686,0,0,0,1,0,3,0,2,0,3,0,2,0,0,1,0,2,1,1,0,2,1,0,4,2016.0,45482.0,8897.0
1165,nm1547964,0,0,1,1,0,2,0,0,0,1,1,1,0,0,0,0,0,1,0,0,0,0,0,2,2012.0,34065.0,76110.0
1166,nm1569942,0,0,0,1,0,7,0,1,0,0,0,0,0,0,0,0,1,0,0,0,0,0,0,7,2020.0,1094.0,1418.0
1167,nm1573797,0,0,0,0,0,0,0,0,1,0,0,0,0,0,0,0,0,0,0,0,0,0,0,1,2019.0,21.0,21.0
1168,nm1585729,0,0,0,0,0,0,0,0,0,0,0,0,0,0,1,0,0,0,0,0,1,0,0,1,2018.0,9965.0,1045.0
1169,nm1594248,0,0,1,3,0,5,0,0,1,2,1,1,0,0,0,0,0,2,0,0,0,0,0,7,2014.0,3015.0,5583.0
1170,nm1600662,0,0,0,0,0,0,0,0,0,1,0,0,0,0,0,0,0,0,0,0,0,0,0,1,2004.0,4465.0,1628.0
1171,nm1601643,0,0,0,0,0,1,0,0,0,1,0,0,0,0,0,0,0,0,0,0,0,0,0,1,2012.0,17400.0,23721.0
1172,nm1604999,1,0,0,1,1,2,0,0,0,7,0,0,0,1,1,0,0,2,0,0,2,0,0,8,2012.0,1311.0,360.0
1173,nm1621836,0,0,0,0,0,0,0,0,0,2,0,0,0,0,1,0,0,1,0,0,1,0,0,3,2017.0,51.0,55.0
1174,nm1632162,0,0,0,0,0,1,0,0,0,0,0,0,0,0,0,0,0,1,0,0,0,0,0,1,2005.0,73.0,73.0
1175,nm1650603,0,0,0,0,0,0,0,0,1,0,0,0,0,1,0,0,0,0,0,0,0,0,0,1,2013.0,150.0,90.0
1176,nm1654784,0,0,0,0,0,0,0,0,0,1,0,0,0,0,0,0,0,1,0,0,0,0,0,1,2016.0,4189.0,114.0
1177,nm1666855,2,0,0,4,0,3,0,4,0,7,0,2,0,1,0,0,1,2,0,0,4,0,0,9,2014.0,8581.0,12839.0
1178,nm1672246,2,0,0,1,0,3,0,0,0,2,0,0,0,0,0,1,0,0,1,1,0,0,0,3,2011.0,81020.0,59294.0
1179,nm1676223,0,0,0,0,0,1,0,0,0,1,0,0,0,0,0,1,0,0,0,0,0,0,0,1,2016.0,70352.0,87366.0
1180,nm1676649,0,0,0,0,2,0,0,2,0,5,0,0,0,1,0,1,0,3,0,0,1,0,0,5,2014.0,26405.0,13100.0
1181,nm1682573,0,0,0,0,0,0,0,0,0,1,0,0,0,0,0,0,0,1,0,0,0,0,0,1,2024.0,76592.0,59441.0
1182,nm1690853,0,0,0,0,0,2,0,0,0,2,1,0,0,0,0,0,0,0,0,0,0,0,0,2,2022.0,1363.0,30.0
1183,nm1693690,0,0,0,1,0,0,0,0,0,3,0,0,0,0,3,0,1,1,0,0,0,0,0,3,2017.0,7281.0,7922.0
1184,nm1706767,5,0,2,3,5,17,0,5,1,7,1,3,0,1,0,1,0,3,2,1,0,0,0,20,2013.0,300568.0,50150.0
1185,nm1715453,0,0,0,0,0,0,0,0,0,1,0,0,0,0,0,0,0,0,0,0,0,0,0,1,2015.0,95.0,191.0
1186,nm1727367,0,0,0,0,0,2,0,0,0,1,0,0,0,0,0,0,0,0,0,0,0,0,0,2,2014.0,10823.0,10795.0
1187,nm1728099,0,0,0,0,0,1,0,0,0,0,0,0,0,0,0,0,0,0,0,0,0,0,0,1,2012.0,10795.0,10795.0
1188,nm1731701,0,0,0,0,0,1,0,0,0,0,0,0,0,0,0,0,0,1,0,0,0,0,0,1,2017.0,1160.0,1160.0
1189,nm1731937,0,0,0,0,1,0,0,0,0,2,1,0,0,0,0,0,0,0,0,1,0,0,0,2,2020.0,3726.0,9032.0
1190,nm1748956,0,0,0,0,0,0,0,0,0,1,0,0,0,0,0,0,0,1,0,0,0,0,0,1,2012.0,1198.0,617.0
1191,nm1755889,0,0,0,0,0,1,0,0,0,0,0,0,0,0,0,0,0,1,0,0,0,0,0,1,2021.0,2132.0,2132.0
1192,nm1758990,0,0,0,0,0,0,0,1,0,1,0,0,0,0,0,0,0,0,0,0,1,0,0,1,2007.0,300.0,300.0
1193,nm1763282,0,0,0,0,0,1,0,0,0,1,0,0,0,0,0,0,0,0,0,0,0,0,0,1,2002.0,15.0,15.0
1194,nm1770671,0,0,0,0,0,0,0,0,0,0,0,0,0,0,0,0,0,0,0,0,0,0,0,1,1982.0,12.0,30.0
1195,nm1775177,0,0,0,0,0,1,0,0,0,2,0,0,0,0,0,1,0,0,0,0,0,0,0,2,2016.0,7382.0,4084.0
1196,nm1785320,0,0,0,0,0,2,0,0,0,1,0,0,0,0,0,0,0,1,0,0,0,0,0,2,2018.0,302.0,435.0
1197,nm1823264,0,0,0,0,0,1,0,0,0,0,0,0,0,0,2,0,2,0,2,0,1,0,0,2,2020.0,29131.0,30903.0
1198,nm1830380,0,0,0,0,0,3,0,0,0,3,0,0,0,0,0,1,0,1,0,0,0,0,0,3,2015.0,4618.0,5361.0
1199,nm1844237,1,0,1,1,0,1,0,0,0,0,1,0,0,0,0,0,0,0,0,0,0,0,0,1,2014.0,107526.0,271596.0
1200,nm1846132,0,0,0,0,0,0,0,0,0,3,0,0,0,0,2,0,1,2,0,0,2,0,0,4,2010.0,35048.0,23465.0
1201,nm1853544,0,0,5,5,0,5,0,0,0,0,5,0,0,0,0,0,0,0,0,0,0,0,0,5,2021.0,85935.0,247491.0
1202,nm1854114,0,0,0,0,0,0,0,0,0,0,0,0,0,0,1,0,1,0,0,0,1,0,0,1,2013.0,26493.0,26493.0
1203,nm1854297,1,0,0,0,0,1,0,1,0,1,0,0,0,0,0,0,0,0,0,0,0,0,0,2,2012.0,458.0,49.0
1204,nm1883583,1,0,0,0,0,1,0,0,0,0,0,1,0,0,1,0,0,0,1,0,1,0,0,1,2010.0,2086.0,5287.0
1205,nm1898126,0,0,0,1,0,3,0,0,0,2,0,0,0,0,0,0,0,2,0,0,0,0,0,3,2014.0,17918.0,18539.0
1206,nm1918140,0,0,0,0,0,1,0,0,0,1,0,0,0,0,3,0,2,1,2,0,1,0,0,3,2019.0,21104.0,30903.0
1207,nm1927432,0,0,0,0,0,1,0,0,0,2,0,0,0,0,0,1,0,0,0,0,0,0,0,2,2014.0,922.0,469.0
1208,nm1929699,0,0,0,0,0,3,0,0,0,3,0,0,0,0,0,0,0,0,0,0,0,0,0,5,2017.0,455.0,149.0
1209,nm1932959,0,0,0,0,0,1,0,1,0,2,0,0,0,1,0,0,0,0,0,0,0,0,0,2,2018.0,2034.0,1984.0
1210,nm1938432,0,0,0,0,0,1,0,1,0,1,0,0,0,0,0,0,0,0,0,0,0,0,0,1,2005.0,2007.0,2007.0
1211,nm1943615,0,0,0,0,0,0,0,0,1,0,0,0,0,0,0,0,0,0,0,0,0,0,0,1,2009.0,7.0,7.0
1212,nm1950086,0,0,0,0,1,11,0,0,0,12,0,0,0,0,3,0,1,8,1,0,0,0,0,14,2013.0,35852.0,301805.0
1213,nm1953354,0,0,0,0,1,0,0,0,1,0,0,0,0,0,0,0,0,0,0,0,0,0,0,1,2017.0,9.0,11.0
1214,nm1992722,0,0,0,1,0,0,0,0,0,1,0,0,0,0,0,0,0,0,0,0,0,0,0,1,2013.0,2865.0,5210.0
1215,nm1995246,1,0,0,0,0,10,0,2,0,7,0,1,0,0,0,0,1,2,0,0,1,0,0,12,2016.0,1439.0,1651.0
1216,nm2000954,0,0,0,0,0,2,0,0,0,2,0,0,0,0,1,1,1,1,0,0,1,0,0,3,2014.0,6614.0,5296.0
1217,nm2002649,3,0,1,3,2,6,0,2,0,6,1,1,0,0,1,0,1,2,0,0,1,0,0,9,2018.0,80582.0,24962.0
1218,nm2014390,1,0,0,0,0,1,0,2,0,3,0,0,0,0,0,1,0,0,0,0,0,0,0,3,2017.0,5827.0,11156.0
1219,nm2024927,2,0,0,0,1,3,0,0,0,2,1,2,2,1,1,0,0,1,0,1,2,0,0,6,2021.0,30240.0,2716.0
1220,nm2027961,0,0,0,0,0,0,0,0,1,1,0,0,0,1,0,0,0,0,0,0,0,0,0,1,2021.0,58.0,58.0
1221,nm2033655,2,0,0,0,0,2,0,0,0,0,0,0,0,0,2,0,0,0,0,0,0,0,0,2,2007.0,6744.0,10148.0
1222,nm2034147,0,0,0,0,0,0,0,0,0,0,0,0,0,0,1,0,1,0,0,0,1,0,0,1,2008.0,8107.0,2131.0
1223,nm2063694,0,0,0,0,0,1,0,0,0,0,0,0,0,0,2,0,0,0,0,0,0,0,0,2,2021.0,4506.0,16062.0
1224,nm2072440,0,0,0,0,0,3,0,0,0,4,0,0,0,0,1,0,2,2,0,0,0,0,0,5,2019.0,1629.0,541.0
1225,nm2072818,1,0,0,0,0,4,0,2,0,19,0,0,0,2,0,0,0,3,0,0,4,0,0,20,2016.0,5041.0,256.0
1226,nm2082567,0,0,1,2,0,8,0,2,0,20,0,0,0,0,0,1,1,5,0,0,1,0,0,24,2015.0,1466.0,604.0
1227,nm2099933,0,0,0,0,0,0,0,0,0,1,0,0,0,0,0,0,0,0,0,0,0,0,0,1,2017.0,14.0,14.0
1228,nm2105039,0,0,0,0,0,1,0,0,0,1,0,0,0,0,0,0,0,0,0,0,0,0,0,1,2018.0,1569.0,1569.0
1229,nm2120560,0,0,1,1,0,0,0,0,0,1,0,1,0,0,0,0,0,1,0,0,0,0,0,1,2013.0,7709.0,2577.0
1230,nm2142336,1,0,0,1,0,1,0,5,0,10,0,0,0,0,2,0,5,2,0,0,4,0,0,10,2017.0,50530.0,2834.0
1231,nm2159926,3,0,1,2,0,7,0,1,0,4,0,0,0,0,0,0,0,2,2,0,1,0,0,8,2016.0,155254.0,17479.0
1232,nm2160876,0,0,0,0,0,0,0,0,1,0,0,0,0,0,0,0,0,0,0,0,0,0,0,1,2013.0,116.0,116.0
1233,nm2163571,0,0,0,0,0,0,0,0,0,1,0,0,0,0,0,0,0,0,0,0,0,0,0,1,2008.0,36899.0,30.0
1234,nm2169630,0,0,0,1,0,0,0,0,1,1,0,0,0,0,0,0,0,0,0,0,0,0,0,1,2013.0,14.0,14.0
1235,nm2176554,0,0,0,1,0,9,0,0,0,3,1,0,0,0,0,0,0,4,0,0,0,0,0,9,2013.0,1338.0,993.0
1236,nm2176563,0,0,0,0,0,1,0,0,0,0,0,0,0,0,0,0,0,0,0,0,0,0,0,1,2023.0,50.0,50.0
1237,nm2196971,0,0,0,0,0,0,0,0,0,1,0,0,0,0,0,0,0,0,0,0,0,0,0,1,2019.0,101.0,58.0
1238,nm2222515,0,0,0,0,0,1,0,0,0,0,0,0,0,0,0,0,0,1,0,0,0,0,0,1,2009.0,22523.0,22523.0
1239,nm2227737,0,0,0,0,0,1,0,0,0,1,0,0,0,0,0,0,0,0,0,0,0,0,0,1,2007.0,383.0,14.0
1240,nm2254779,0,0,0,0,0,1,0,0,0,1,0,0,0,0,0,0,0,0,0,0,0,0,0,1,2017.0,23.0,337.0
1241,nm2262138,0,0,0,0,0,1,0,0,0,0,0,0,0,0,1,0,1,0,1,0,0,0,0,1,2022.0,5893.0,7442.0
1242,nm2277869,0,0,0,0,0,1,0,1,0,0,0,0,0,0,0,0,0,0,0,0,0,0,0,1,2012.0,182.0,33426.0
1243,nm2278184,0,0,0,0,0,0,0,0,1,1,0,0,0,1,1,0,0,0,0,0,0,0,0,1,2012.0,13.0,16706.0
1244,nm2295540,1,0,0,0,0,3,0,1,0,2,0,0,0,0,0,0,0,0,2,0,0,0,0,3,2021.0,18413.0,5128.0
1245,nm2304008,1,0,0,0,0,0,0,1,0,1,0,0,0,0,0,0,0,0,0,0,0,0,0,1,2012.0,20743.0,11390.0
1246,nm2339680,0,0,0,0,0,0,0,0,0,1,0,0,0,0,1,0,0,1,1,0,0,0,0,1,2014.0,32485.0,3730.0
1247,nm2353862,4,0,0,1,2,2,0,3,0,9,0,1,0,1,0,0,0,2,1,0,3,0,0,10,2017.0,184434.0,88411.0
1248,nm2357847,0,0,1,1,0,1,0,0,0,1,1,0,0,0,0,0,0,1,1,0,0,0,0,2,2013.0,131684.0,5330.0
1249,nm2366012,0,0,0,0,0,0,0,0,0,0,0,1,0,0,1,0,0,0,1,0,1,0,0,1,2015.0,22062.0,116848.0
1250,nm2368789,3,0,0,2,0,1,0,4,0,7,0,0,1,0,0,0,3,0,2,0,6,0,0,8,2018.0,270309.0,93213.0
1251,nm2377041,2,0,0,1,0,2,0,0,0,0,0,0,0,0,2,0,0,0,1,0,0,0,0,2,2011.0,3248.0,3491.0
1252,nm2390414,0,0,0,0,0,0,0,0,0,1,0,0,0,0,0,0,0,0,0,0,1,0,0,1,2021.0,27.0,27.0
1253,nm2391794,0,0,0,0,0,1,0,0,0,1,0,0,0,0,0,0,0,1,0,0,0,0,0,1,2023.0,11745.0,11745.0
1254,nm2404839,1,0,0,0,0,2,0,0,0,0,1,0,0,0,0,0,0,0,1,0,0,0,0,2,2018.0,2424.0,978.0
1255,nm2460402,0,0,0,0,0,1,0,0,0,0,0,0,0,0,1,0,0,0,0,0,0,0,0,1,2015.0,4599.0,18070.0
1256,nm2479578,0,0,1,0,0,1,0,0,0,0,0,0,1,0,0,0,0,0,1,0,0,0,0,1,2010.0,1511.0,1511.0
1257,nm2495268,0,0,0,1,0,1,0,0,0,1,0,0,0,0,0,0,0,1,0,0,0,0,0,1,2014.0,930.0,266.0
1258,nm2501633,0,0,0,0,0,1,0,0,0,1,0,0,0,0,0,0,0,0,0,0,0,0,0,1,2024.0,1887.0,8851.0
1259,nm2506835,1,0,0,0,0,0,0,1,0,1,0,0,0,0,0,0,0,0,0,0,0,0,0,1,2023.0,3429.0,3429.0
1260,nm2525297,0,0,0,0,0,1,0,0,0,1,0,0,0,0,0,0,0,0,0,0,1,0,0,1,2022.0,272.0,272.0
1261,nm2537631,0,0,0,0,0,1,0,0,0,1,0,0,0,0,0,0,0,0,0,0,0,0,0,1,2012.0,1517.0,6315.0
1262,nm2561940,0,0,0,0,0,4,0,0,0,0,0,0,0,0,1,1,0,0,0,0,0,0,0,4,2016.0,2779.0,3004.0
1263,nm2585530,0,0,0,0,0,1,0,0,0,1,0,0,0,0,0,0,0,0,0,0,0,0,0,1,2023.0,239.0,73.0
1264,nm2647119,0,0,0,0,0,0,0,0,0,1,0,0,0,0,0,0,0,0,0,0,0,0,0,1,2009.0,5926.0,1946.0
1265,nm2647420,0,0,0,0,0,0,0,0,0,2,0,0,0,0,3,0,1,2,0,0,1,0,0,3,2017.0,2991.0,3752.0
1266,nm2674307,0,0,0,0,0,0,0,0,0,0,0,0,0,0,1,0,0,0,0,0,1,0,0,1,2014.0,74532.0,42633.0
1267,nm2707986,0,0,0,0,0,0,0,0,0,1,0,0,0,0,0,0,0,0,0,0,0,0,0,1,2014.0,1555.0,1495.0
1268,nm2726915,4,0,0,2,0,4,0,0,0,0,0,0,0,0,4,0,0,0,2,0,0,0,0,4,2011.0,3248.0,3491.0
1269,nm2782402,0,0,0,0,0,1,0,0,0,1,0,0,0,0,0,0,0,1,0,0,0,0,0,1,2015.0,11205.0,10374.0
1270,nm2826867,0,0,0,0,0,1,0,0,0,1,0,0,0,0,1,0,1,0,0,0,1,0,0,1,2021.0,6790.0,6790.0
1271,nm2841936,0,0,0,0,0,1,0,0,0,4,0,0,0,0,2,0,0,1,0,0,2,0,0,4,2012.0,3958.0,5524.0
1272,nm2873161,1,0,0,1,0,6,0,0,0,9,0,1,0,0,1,1,2,4,1,0,0,0,0,10,2018.0,5075.0,2021.0
1273,nm2903680,0,0,0,0,0,1,0,0,0,1,0,0,0,0,0,0,0,1,0,0,0,0,0,1,2010.0,2719.0,4561.0
1274,nm2915980,0,0,0,0,0,0,0,0,1,0,0,0,0,0,0,0,0,0,0,0,0,0,0,1,2019.0,73.0,73.0
1275,nm2917980,0,0,1,0,0,0,0,0,0,1,0,0,0,0,0,0,0,0,0,0,0,0,0,1,2016.0,1288.0,50.0
1276,nm2928364,0,0,0,0,0,1,0,0,0,0,0,0,0,0,0,0,1,0,0,0,1,0,0,1,2023.0,4157.0,6762.0
1277,nm2940362,0,0,0,0,0,0,0,0,0,2,0,0,0,0,0,0,0,0,0,0,0,0,0,3,1979.0,34.0,8.0
1278,nm2963897,0,0,0,0,0,0,0,0,1,0,0,0,0,0,0,0,0,0,0,0,0,0,0,1,2017.0,8.0,585.0
1279,nm2973991,0,0,0,0,0,0,0,0,0,1,0,0,0,0,0,0,0,1,0,0,0,0,0,1,2012.0,1175.0,988.0
1280,nm3025035,0,0,0,0,0,0,0,0,0,2,0,0,0,0,2,0,0,0,0,0,2,0,0,2,2020.0,4571.0,4571.0
1281,nm3034178,0,0,0,0,0,0,0,0,0,0,0,0,0,0,1,0,0,0,0,0,1,0,0,1,2017.0,35634.0,26554.0
1282,nm3035239,1,0,0,0,0,0,0,0,0,1,0,0,0,0,0,0,0,1,0,0,0,0,0,1,2011.0,8169.0,8169.0
1283,nm3046419,0,0,1,0,0,1,0,0,0,1,0,0,0,0,0,0,0,0,0,0,0,0,0,1,2013.0,1006.0,5857.0
1284,nm3063985,0,0,0,0,0,0,0,0,0,1,0,0,0,0,0,0,0,0,0,0,0,0,0,1,2010.0,45.0,45.0
1285,nm3080055,0,0,0,0,0,0,0,0,0,0,0,0,0,0,1,0,0,0,0,0,0,0,0,1,2021.0,7203.0,7203.0
1286,nm3081220,0,0,0,0,0,0,0,1,0,1,0,0,0,0,0,0,0,0,0,0,1,0,0,1,2008.0,121.0,52.0
1287,nm3096205,2,0,2,2,0,2,0,0,0,0,0,0,0,0,0,0,0,0,2,0,0,2,0,2,2015.0,6659.0,6659.0
1288,nm3099213,0,0,0,0,0,0,0,0,0,1,0,0,1,0,0,0,0,0,0,0,1,0,0,1,2014.0,2414.0,2414.0
1289,nm3102596,0,0,0,0,1,4,0,0,0,3,1,0,0,0,0,0,0,1,0,0,0,0,0,4,2016.0,1348.0,164.0
1290,nm3102998,0,0,0,0,0,0,0,1,0,1,0,0,0,0,0,0,1,0,0,0,1,0,0,1,2020.0,222029.0,84467.0
1291,nm3114649,2,0,0,3,3,5,0,2,0,8,0,0,0,2,0,0,0,2,2,0,2,0,0,11,2016.0,44265.0,3403.0
1292,nm3149759,0,0,0,0,0,0,0,0,0,0,0,0,0,0,1,0,0,0,0,0,0,0,0,1,2022.0,17.0,58.0
1293,nm3159714,0,0,0,0,0,0,0,0,0,0,0,0,0,0,1,0,0,0,0,0,1,0,0,1,2018.0,4213.0,4213.0
1294,nm3159868,0,0,0,0,0,1,0,0,0,1,0,0,0,0,1,0,0,0,0,0,1,0,0,2,2020.0,4586.0,1471.0
1295,nm3176035,0,0,0,0,0,0,0,0,0,0,0,0,0,0,1,0,0,0,0,0,0,0,0,1,2021.0,7203.0,7203.0
1296,nm3202519,0,0,0,0,0,2,0,0,0,1,0,0,0,0,0,0,0,0,0,0,0,0,0,2,2018.0,13008.0,5996.0
1297,nm3233064,0,0,0,0,0,0,0,0,0,1,0,1,0,0,1,0,0,0,0,0,0,0,0,1,2009.0,287.0,287.0
1298,nm3234892,0,0,0,0,0,1,0,0,0,0,0,0,0,0,1,0,0,0,0,0,0,0,0,1,2022.0,20213.0,20213.0
1299,nm3255797,0,0,1,0,0,1,0,0,0,1,1,0,0,0,0,0,0,0,0,0,0,0,0,1,2021.0,30803.0,30803.0
1300,nm3270435,0,0,1,0,0,11,1,1,0,11,1,1,0,0,0,1,0,3,1,0,1,0,0,16,2020.0,966.0,515.0
1301,nm3298144,0,0,0,1,0,1,0,0,0,0,0,0,0,0,0,0,0,0,1,0,0,0,0,1,2014.0,281.0,1031.0
1302,nm3299329,0,0,0,1,0,1,0,0,0,0,0,0,0,0,0,0,0,0,1,0,0,0,0,1,2014.0,281.0,1031.0
1303,nm3308124,0,0,0,0,0,1,0,0,0,1,0,0,0,0,0,0,0,0,0,0,0,0,0,1,2010.0,182.0,22.0
1304,nm3318260,0,0,0,0,0,1,0,0,0,0,0,0,0,0,0,0,0,0,0,0,0,0,0,1,2023.0,1320.0,1320.0
1305,nm3318396,0,0,0,0,0,1,0,0,0,1,0,0,0,0,0,0,0,0,0,0,0,0,0,1,2024.0,53.0,53.0
1306,nm3344655,0,0,1,0,0,0,0,1,0,2,0,0,0,0,0,0,0,0,0,0,1,0,0,2,2010.0,3774.0,5670.0
1307,nm3367478,2,0,1,2,0,8,0,1,0,8,1,0,0,0,0,2,0,2,0,1,1,0,0,12,2018.0,3970.0,602.0
1308,nm3372724,1,0,1,1,0,4,0,1,0,2,0,0,0,0,0,0,0,1,0,0,1,0,0,5,2017.0,2159.0,2461.0
1309,nm3379425,0,0,0,0,0,1,0,0,0,1,0,0,0,0,0,0,0,0,0,0,0,0,0,1,2013.0,1131.0,127.0
1310,nm3380598,0,0,0,0,0,1,0,0,0,0,0,0,0,0,0,1,0,0,0,0,0,0,0,1,2013.0,1438.0,50.0
1311,nm3433527,0,0,0,0,0,0,0,0,0,1,0,0,0,0,0,0,0,0,0,0,1,0,0,1,2016.0,169.0,125.0
1312,nm3462228,1,0,0,1,0,1,0,0,0,0,0,0,0,0,0,0,0,0,0,0,0,0,0,1,2017.0,3151.0,3151.0
1313,nm3471261,0,0,0,0,0,0,0,0,0,5,0,0,0,0,0,0,0,0,0,0,0,0,0,7,2015.0,11.0,10.0
1314,nm3504405,0,0,0,0,0,1,0,0,0,1,0,0,0,0,0,0,0,0,0,0,0,0,0,1,2016.0,4672.0,5423.0
1315,nm3511314,0,0,0,0,0,1,0,0,0,0,0,0,0,0,0,0,0,0,0,0,0,0,0,1,2022.0,1699.0,1699.0
1316,nm3511834,0,0,0,0,0,1,0,0,0,1,0,0,0,0,0,0,0,0,0,0,0,0,0,1,2019.0,5272.0,5272.0
1317,nm3526993,0,0,0,0,0,3,0,1,0,3,0,0,0,0,2,0,2,0,0,0,3,0,0,4,2020.0,17279.0,17658.0
1318,nm3537098,0,0,0,0,0,1,0,0,0,0,0,0,0,0,0,0,0,0,0,0,0,0,0,1,2009.0,87.0,20729.0
1319,nm3537925,0,0,0,0,0,1,0,0,0,0,0,0,0,0,0,0,0,0,0,0,0,0,0,1,2009.0,87.0,20729.0
1320,nm3545569,0,0,0,0,0,1,0,0,0,1,0,0,0,0,0,0,0,1,0,0,0,0,0,1,2011.0,673.0,183.0
1321,nm3573977,0,0,0,0,0,1,0,0,0,1,0,0,0,0,1,0,0,0,0,0,1,0,0,1,2022.0,8526.0,8526.0
1322,nm3575557,0,0,0,0,0,0,0,1,0,1,0,0,0,0,0,0,0,0,0,0,0,0,0,1,2019.0,2047.0,2047.0
1323,nm3603418,0,0,0,0,0,1,0,0,0,1,0,0,0,0,0,0,0,0,0,0,0,0,0,1,2016.0,64.0,64.0
1324,nm3634704,0,0,0,0,0,0,0,2,0,2,0,0,0,0,0,0,0,0,0,0,2,0,0,3,2017.0,4322.0,7825.0
1325,nm3643779,0,0,0,0,0,1,0,0,0,1,0,0,0,0,0,0,0,0,0,0,0,0,0,1,2019.0,5604.0,5207.0
1326,nm3654931,0,0,3,0,0,3,0,0,3,4,0,1,0,3,1,0,0,0,0,0,1,0,0,4,2019.0,6561.0,4558.0
1327,nm3672532,0,0,0,0,0,0,0,0,0,1,0,0,0,0,0,0,0,0,0,0,0,0,0,1,2015.0,7524.0,7524.0
1328,nm3743617,5,0,1,2,0,12,0,2,0,0,0,0,0,0,0,0,0,2,0,0,0,0,0,12,2019.0,4950.0,7389.0
1329,nm3753393,0,0,0,0,0,7,0,0,0,0,0,0,0,0,0,0,0,0,0,0,0,0,0,7,2017.0,3062.0,140.0
1330,nm3837694,0,0,0,0,0,2,0,0,0,1,0,0,0,0,0,0,1,1,1,0,1,0,0,2,2023.0,21154.0,3508.0
1331,nm3839332,0,0,0,0,0,0,0,0,0,1,0,0,0,0,0,0,0,0,0,0,0,0,0,1,2008.0,1365.0,13.0
1332,nm3851426,4,0,0,1,0,11,0,2,0,0,0,0,0,0,0,0,0,2,0,0,0,0,0,11,2018.0,5071.0,2614.0
1333,nm3876217,0,0,0,0,0,1,0,0,0,1,0,0,0,0,0,0,0,1,0,0,0,0,0,1,2015.0,1417.0,1417.0
1334,nm3882288,0,0,0,0,0,1,0,0,0,1,0,0,0,0,0,0,0,1,0,0,0,0,0,1,2022.0,1216.0,1216.0
1335,nm3884087,0,0,0,0,0,1,0,0,0,1,0,0,0,0,0,0,0,0,0,0,0,0,0,1,2022.0,117.0,504.0
1336,nm3897310,0,0,0,0,0,0,0,0,0,1,0,0,0,0,0,0,0,0,1,0,0,0,0,1,2021.0,16.0,264.0
1337,nm3910931,0,0,0,0,0,0,0,0,1,0,0,0,0,0,0,0,0,0,0,0,0,0,0,1,2022.0,1374.0,11622.0
1338,nm3939436,0,0,0,0,0,6,0,0,0,4,0,1,0,0,0,0,0,1,0,0,0,0,0,7,2018.0,486.0,971.0
1339,nm3939978,0,0,0,0,0,1,1,0,0,0,0,0,0,0,0,1,0,1,0,0,0,0,0,1,2022.0,40.0,40.0
1340,nm4000389,0,0,0,0,0,0,0,0,0,0,0,0,0,0,2,0,2,0,0,0,2,0,0,2,2020.0,3104.0,3104.0
1341,nm4007200,0,0,0,0,0,1,0,0,0,0,0,0,0,0,0,0,0,1,0,0,0,0,0,1,2019.0,3445.0,3445.0
1342,nm4056825,0,0,0,0,0,1,0,0,0,1,0,0,0,0,0,0,0,0,0,0,0,0,0,1,2021.0,1823.0,1823.0
1343,nm4062509,0,0,0,0,0,1,0,0,0,1,0,0,0,0,0,0,0,1,0,0,0,0,0,1,2018.0,384.0,28.0
1344,nm4084364,0,0,1,0,0,1,0,0,0,0,0,0,0,0,0,0,0,0,0,0,0,0,0,1,2012.0,34.0,191.0
1345,nm4151736,1,0,1,1,0,5,0,1,0,2,1,0,0,0,0,0,0,1,0,1,1,0,0,7,2017.0,1959.0,1781.0
1346,nm4167513,0,0,0,0,0,0,0,1,0,1,0,0,0,0,0,0,0,0,0,0,1,0,0,1,2018.0,109.0,109.0
1347,nm4246728,0,0,0,1,0,3,0,0,0,1,0,0,0,0,0,0,0,0,0,0,0,0,0,3,2020.0,1142.0,1111.0
1348,nm4273797,0,0,0,0,0,2,0,1,0,2,0,0,0,0,0,0,0,1,0,0,0,0,0,2,2018.0,12016.0,9589.0
1349,nm4323708,0,0,0,0,0,2,0,0,0,2,0,0,0,0,0,0,0,2,0,0,0,0,0,2,2021.0,17896.0,17896.0
1350,nm4344290,0,0,0,0,0,0,0,0,0,1,0,0,0,0,0,0,0,1,0,0,0,0,0,1,2020.0,1203.0,1203.0
1351,nm4363442,0,0,0,0,0,1,0,0,0,0,1,0,0,0,0,0,0,0,0,0,0,0,0,1,2015.0,12.0,12.0
1352,nm4374524,0,0,0,0,1,6,0,1,0,14,0,1,0,2,1,1,0,5,0,0,1,0,0,17,2019.0,14783.0,327.0
1353,nm4395285,0,0,1,0,0,0,0,0,0,0,0,0,0,0,0,0,0,0,0,0,0,0,0,1,2006.0,15.0,15.0
1354,nm4432522,0,0,0,0,0,0,0,0,0,0,0,0,0,0,0,0,0,0,0,0,1,0,0,1,2024.0,6.0,6.0
1355,nm4457314,0,0,0,0,0,0,0,0,0,0,0,0,0,0,0,0,0,0,0,0,0,0,0,3,1979.0,16.0,30.0
1356,nm4464117,0,0,0,0,0,0,0,1,0,1,0,0,0,0,1,0,0,0,0,0,0,0,0,1,2019.0,8631.0,1465.0
1357,nm4528931,0,0,0,0,0,1,0,0,0,1,0,0,0,0,0,0,0,0,0,0,0,0,0,1,2019.0,1262.0,1262.0
1358,nm4590051,0,0,0,0,0,1,0,0,0,1,0,0,0,0,0,0,0,0,0,0,0,0,0,1,2023.0,101.0,101.0
1359,nm4595176,0,0,0,0,0,2,0,0,0,1,0,0,0,0,0,0,0,0,0,0,0,0,0,2,2016.0,4646.0,4646.0
1360,nm4668126,0,0,0,0,0,0,0,0,1,0,0,0,0,0,0,0,0,0,0,0,0,0,0,1,2011.0,13.0,13.0
1361,nm4692684,2,0,1,2,0,2,0,0,0,0,0,1,0,0,1,0,1,0,0,0,0,0,0,2,2020.0,6080.0,1153.0
1362,nm4692981,0,0,0,0,0,0,0,0,0,1,0,0,0,0,0,0,0,0,0,0,0,0,0,1,2021.0,9.0,30.0
1363,nm4765550,1,0,1,0,0,3,0,1,0,2,0,0,0,0,0,1,0,0,1,0,0,0,0,3,2017.0,2875.0,2199.0
1364,nm4766133,0,0,0,0,1,0,0,0,1,0,0,0,0,0,0,0,0,0,0,0,0,0,0,1,2019.0,232.0,232.0
1365,nm4798740,0,0,0,0,1,1,0,0,0,1,0,0,0,1,0,0,0,0,0,0,0,0,0,1,2023.0,54191.0,54191.0
1366,nm4813588,0,0,0,0,0,0,0,0,1,0,0,0,0,0,0,0,0,0,0,0,0,0,0,1,2022.0,7.0,7.0
1367,nm4840194,0,0,0,0,0,5,0,0,0,1,0,1,0,0,1,1,0,0,1,0,0,0,0,5,2023.0,1831.0,881.0
1368,nm4847060,1,0,0,0,0,0,0,1,0,0,0,0,0,0,1,0,0,0,0,0,0,0,0,1,2011.0,2263.0,2263.0
1369,nm4852358,0,0,0,0,0,1,0,0,0,0,0,0,0,0,0,0,0,0,0,0,0,0,0,1,2014.0,27.0,27.0
1370,nm4895233,0,0,0,0,0,1,0,1,0,0,0,1,0,0,1,0,0,0,1,0,1,0,0,1,2019.0,2463.0,2463.0
1371,nm4976260,0,0,0,0,0,0,0,0,0,1,0,0,0,0,0,0,0,0,0,0,0,0,0,1,2024.0,6.0,6.0
1372,nm5061479,0,0,0,0,0,1,0,0,0,0,0,0,0,0,0,0,0,1,0,0,0,0,0,1,2019.0,4878.0,4878.0
1373,nm5068576,0,0,0,0,0,3,0,1,0,3,0,0,1,0,0,0,0,2,1,0,0,0,0,3,2017.0,4324.0,4324.0
1374,nm5163456,0,0,0,0,0,0,1,0,0,0,0,1,0,0,0,0,0,0,0,0,0,0,0,1,2016.0,9.0,9.0
1375,nm5245171,0,0,0,0,0,1,0,0,0,0,0,0,0,0,0,0,0,0,0,0,0,0,0,1,2017.0,500.0,500.0
1376,nm5361666,1,0,0,1,0,2,0,0,0,0,0,0,0,0,0,0,0,0,1,0,0,0,0,2,2018.0,1338.0,705.0
1377,nm5476491,0,0,0,0,0,1,0,0,0,0,0,0,0,0,0,0,0,0,0,0,0,0,0,1,2019.0,5996.0,5996.0
1378,nm5539633,0,0,0,0,0,0,0,0,0,1,0,0,0,0,0,0,0,0,0,0,1,0,0,1,2017.0,813.0,410.0
1379,nm5555161,1,0,0,0,0,3,0,1,0,0,0,0,0,0,0,0,0,0,0,0,0,0,0,3,2023.0,12002.0,1003.0
1380,nm5567655,0,0,0,1,0,1,0,0,0,0,0,0,0,0,0,0,0,0,0,0,0,0,0,1,2013.0,46.0,85.0
1381,nm5568803,0,0,0,0,0,1,0,0,0,1,0,0,0,0,0,0,0,0,0,0,0,0,0,1,2019.0,5272.0,12986.0
1382,nm5602595,0,0,0,0,0,1,0,0,0,0,0,0,0,0,0,0,0,1,0,0,0,0,0,1,2015.0,254.0,254.0
1383,nm5712003,0,0,0,0,0,0,0,0,1,0,0,0,0,0,0,0,0,0,0,0,0,0,0,1,2014.0,9.0,9.0
1384,nm5752105,0,0,0,1,0,0,0,0,1,0,1,0,0,0,0,0,0,0,0,0,0,0,0,1,2015.0,17.0,17.0
1385,nm5936328,0,0,0,0,0,0,0,1,0,0,0,0,0,0,1,0,0,0,0,0,1,0,0,1,2015.0,2781.0,2781.0
1386,nm6053649,3,0,3,3,0,3,0,0,0,0,0,0,0,0,0,0,0,0,3,0,0,0,0,3,2017.0,1731.0,1731.0
1387,nm6113836,1,0,0,0,0,5,0,0,0,1,0,0,0,1,0,1,0,0,0,0,1,0,0,6,2022.0,9329.0,44449.0
1388,nm6128469,0,0,0,0,1,0,0,0,1,0,1,0,0,0,0,0,0,0,0,0,0,0,0,1,2013.0,13.0,13.0
1389,nm6284412,0,0,0,0,0,1,0,1,0,1,0,0,0,0,1,0,0,0,0,0,0,0,0,1,2013.0,769.0,769.0
1390,nm6393441,0,0,0,0,0,0,0,0,1,0,0,0,0,0,0,0,0,0,0,0,0,0,0,1,2023.0,11.0,11.0
1391,nm6682916,0,0,0,0,0,1,0,0,0,0,0,0,0,0,1,0,0,0,0,0,1,0,0,1,2019.0,3356.0,3356.0
1392,nm6767387,0,0,0,0,0,1,0,0,0,1,0,0,0,0,0,0,0,0,0,0,0,0,0,1,2019.0,127.0,160.0
1393,nm6799033,0,0,0,0,0,1,0,0,0,0,0,0,0,0,1,0,0,0,0,0,0,0,0,1,2021.0,66.0,66.0
1394,nm6806275,0,0,0,0,0,0,0,1,0,0,0,0,0,0,1,0,0,0,0,0,1,0,0,1,2016.0,349.0,483.0
1395,nm7083838,1,0,0,0,0,1,0,0,0,0,0,0,0,0,0,0,0,0,0,0,1,0,0,1,2021.0,6.0,6.0
1396,nm7088580,0,0,0,0,0,1,0,0,0,0,0,0,0,0,0,0,0,0,0,0,0,0,0,1,2023.0,7903.0,7903.0
1397,nm7400525,0,0,0,0,0,0,0,0,1,0,0,0,0,0,0,1,0,0,0,0,0,0,0,1,2020.0,146.0,146.0
1398,nm7426903,0,0,0,1,0,0,0,0,1,0,0,0,0,0,0,0,0,0,0,0,0,0,0,1,2015.0,10.0,10.0
1399,nm7784834,0,0,0,0,0,1,0,0,1,1,0,0,0,0,0,0,0,0,0,0,0,0,0,2,2022.0,14.0,9.0
1400,nm7798549,0,0,0,0,0,0,0,0,0,0,0,0,0,0,1,0,0,0,0,0,0,0,0,1,2016.0,13.0,13.0
1401,nm7916484,0,0,0,0,0,2,0,0,0,2,0,0,0,0,0,0,0,0,0,0,0,0,0,2,2018.0,69.0,101.0
1402,nm8013182,0,0,0,0,0,0,0,0,1,0,0,0,0,0,0,0,0,0,0,0,0,0,0,1,2019.0,10.0,10.0
1403,nm8161834,0,0,0,0,0,1,0,0,1,0,0,0,0,0,0,0,0,0,0,0,0,0,0,1,2022.0,192.0,192.0
1404,nm8202045,0,0,0,0,0,1,0,0,0,2,0,0,0,0,0,0,0,0,0,0,0,0,0,2,2021.0,1186.0,1098.0
1405,nm8402757,0,0,0,0,0,0,0,0,1,0,0,0,0,0,0,0,0,0,0,0,0,0,0,1,2017.0,4920.0,4920.0
1406,nm8746125,0,0,0,0,0,0,0,0,1,0,0,0,0,0,0,0,0,0,0,0,0,0,0,1,2020.0,98.0,98.0
1407,nm9106622,0,0,0,0,0,0,0,0,1,0,0,0,0,0,0,0,0,0,0,0,0,0,0,1,2017.0,107.0,107.0
1408,nm9315330,0,0,0,0,0,0,0,0,1,0,0,0,0,0,0,0,0,0,0,0,0,0,0,1,2017.0,18.0,18.0
1409,nm9424800,0,0,0,0,0,1,0,0,0,1,0,0,0,0,0,0,0,0,0,0,0,0,0,1,2019.0,1064.0,1064.0
